,Project Name,Neighborhood,Zip Code,TtlProjUnits,RentUnits,OwnUnits,TtlMarket,MarketRent,MarketOwn,Total Income-Restricted,Income-Restricted Rental,Income-Restricted Ownership,Tenure,Public/ Private,Includes Senior Units?,Section 8
9,Allele Condominium,South Boston,02127,47,0,47,41.0,0.0,41.0,6,0,6.0,Ownership,Private,,
10,Alleyne (VUP) CDFI,Roxbury,02121,3,2,1,1.0,0.0,1.0,2,2,0.0,Ownership/Rental,Private,,
11,Alpine Street Village,Hyde Park,02136,44,0,44,40.0,0.0,40.0,4,0,4.0,Rental,Private,,
13,Amory Foundry (Phase I),Jamaica Plain,02130,23,0,23,18.0,,18.0,5,0,5.0,Ownership,Private,,
18,Andrade (VUP),Dorchester,02122,3,2,1,1.0,0.0,1.0,2,2,0.0,Ownership/Rental,Private,,
19,Andrew Square Apts,South Boston,02127,9,9,0,0.0,0.0,0.0,9,9,0.0,Rental,Private,,
24,Armory Condos,Charlestown,02129,42,0,42,36.0,0.0,36.0,6,0,6.0,Ownership,Private,,
27,Astoria Street Condos (Elizabeth Street),Mattapan,02126,3,0,3,0.0,0.0,0.0,3,0,3.0,Ownership,Private,,
29,Atrium Lofts,East Boston,02128,218,0,218,186.0,0.0,186.0,32,0,32.0,Ownership ,Private,,
40,Back of the Hill HOP,Mission Hill,02120,149,0,149,58.0,0.0,58.0,91,0,91.0,Ownership,Private,,
41,Bailey (VUP),Roxbury,02121,1,1,0,0.0,0.0,0.0,1,1,0.0,Rental,Private,,
43,Balina Place at Norfolk St/Habitat,Dorchester,02124,3,0,3,0.0,0.0,0.0,3,0,3.0,Ownership,Private,,
45,Baptista (VUP),Dorchester,02125,1,1,0,0.0,0.0,0.0,1,1,0.0,Rental,Private,,
46,Barlett Square,Jamaica Plain,02130,13,0,13,11.0,0.0,11.0,2,0,2.0,Ownership,Private,,
48,Bartlett Place Building E,Roxbury,02119,16,0,16,14.0,0.0,14.0,2,0,2.0,Ownership,Private,,
49,Bartlett Place/Building B,Roxbury,02119,60,0,60,22.0,22.0,0.0,38,38,0.0,Rental,Private,,
50,Basilica (667-6),Charlestown,02129,5,5,0,0.0,0.0,0.0,5,5,0.0,Rental,Public,Y,
51,Bates School/Artblock 731,South End,02118,54,0,54,30.0,0.0,30.0,24,0,24.0,Ownership,Private,,
54,Bay Cove Group Homes IV,Dorchester,02125,9,9,0,1.0,1.0,0.0,8,8,0.0,Rental,Private,,
58,Beasley (VUP),Dorchester,02121,2,1,1,1.0,0.0,1.0,1,1,0.0,Ownership/Rental,Private,,
61,"Berkeley Investments, Inc.",South Boston Waterfront,02127,88,0,88,80.0,0.0,80.0,8,0,8.0,Ownership,Private,,
63,BHA Infill 1A - Quincy Geneva,Roxbury,02121,18,0,18,0.0,0.0,0.0,18,0,18.0,Ownership,Private,,
64,BHA Infill 1B - Codman Square NDC,Dorchester,02124,2,0,2,0.0,0.0,0.0,2,0,2.0,Ownership,Private,,
65,BHA Infill 2 - Urban Edge,Roxbury,02119,15,5,10,0.0,0.0,0.0,15,5,10.0,Ownership/Rental,Private,,
66,BHA Infill 3 - Nuestra,Roxbury,02119,10,4,6,0.0,0.0,0.0,10,4,6.0,Ownership/Rental,Private,,
76,Bird St. Estates,Roxbury,02125,8,1,7,0.0,0.0,0.0,8,1,7.0,Ownership/Rental,Private,,
80,Blandino Farms,Dorchester,02124,16,0,16,14.0,0.0,14.0,2,0,2.0,Ownership,Private,,
83,Blue Hill Commons,Roxbury,02119,8,1,7,0.0,0.0,0.0,8,1,7.0,Ownership/Rental,Private,,
85,Border Falcon Condominiums,East Boston,02128,14,0,14,0.0,0.0,0.0,14,0,14.0,Ownership,Private,,
87,Boston Kenmore Realty LLC,Leather District,02111,54,0,54,49.0,0.0,49.0,5,0,5.0,Ownership,Private,,
94,Bowdoin Geneva Phase III (HOME AGAIN),Dorchester,02122,20,2,18,0.0,0.0,0.0,20,2,18.0,Ownership/Rental,Private,,
95,Bowdoin Place,Downtown,02114,75,0,75,56.0,0.0,56.0,19,0,19.0,Ownership,Private,Y,
97,Bowdoin/Geneva - HOME AGAIN,Dorchester,02125,7,0,7,0.0,0.0,0.0,7,0,7.0,Ownership,Private,,
98,Bowdoin/Geneva (Phase II),Dorchester,02125,10,5,5,2.0,1.0,1.0,8,4,4.0,Ownership/Rental,Private,,
99,Bowdoin-Geneva & Dudley FTHB,Dorchester,02125,3,2,1,0.0,0.0,0.0,3,2,1.0,Ownership/Rental,Private,,
100,Bowdoin-Geneva & Dudley Rental,Roxbury,02119,3,3,0,0.0,0.0,0.0,3,3,0.0,Rental,Private,,
101,Bowen (VUP),Dorchester,02124,2,1,1,1.0,0.0,1.0,1,1,0.0,Ownership/Rental,Private,,
104,Bradford Estates,Dorchester,02124,24,0,24,0.0,0.0,0.0,24,0,24.0,Ownership,Private,,
105,Bradlee-Fowler,Dorchester,02124,3,1,2,0.0,0.0,0.0,3,1,2.0,Ownership/Rental,Private,,
108,Brantley (VUP),Mattapan,02126,2,1,1,1.0,0.0,1.0,1,1,0.0,Ownership/Rental,Private,,
109,Braxton (VUP),Dorchester,02121,2,1,1,1.0,0.0,1.0,1,1,0.0,Ownership/Rental,Private,,
110,Brewery Lofts,Mission Hill,02130,79,0,79,71.0,0.0,71.0,8,0,8.0,Ownership,Private,,
117,"Brookford, Dalin and Dean St. Homes (Julian Phase 2 HOME AGAIN)",Roxbury,02125,18,1,17,0.0,0.0,0.0,18,1,17.0,Ownership/Rental,Private,,
118,Brookside Artists Housing,Jamaica Plain,02130,21,0,21,3.0,0.0,3.0,18,0,18.0,Ownership,Private,,
119,Brookview House,Dorchester,02124,8,8,0,0.0,0.0,0.0,8,8,0.0,Rental,Private,,
122,Brown (VUP),Dorchester,02121,3,2,1,1.0,0.0,1.0,2,2,0.0,Ownership/Rental,Private,,
123,"Brown, J & D (VUP)",Roxbury,02121,1,1,0,0.0,0.0,0.0,1,1,0.0,Rental,Private,,
126,Brunswick Street,Dorchester,02121,3,3,0,0.0,0.0,0.0,3,3,0.0,Rental,Private,,
127,Brush Hill Commons,Jamaica Plain,02130,14,0,14,8.0,0.0,8.0,6,0,6.0,Ownership,Private,,
129,Buildable Lots - Codman Square,Dorchester,0nan,6,0,6,1.0,0.0,1.0,5,0,5.0,Ownership,Private,,
130,Buildable Lots - Ferndale,Dorchester,02124,12,0,12,3.0,0.0,3.0,9,0,9.0,Ownership,Private,,
131,Buildable Lots - Uphams,Dorchester,0nan,6,0,6,0.0,0.0,0.0,6,0,6.0,Ownership,Private,,
132,Buildable Lots- 1&2,Dorchester,02124,15,0,15,6.0,0.0,6.0,9,0,9.0,Ownership,Private,,
133,Buildable Lots- 3&4,Dorchester,0nan,18,0,18,8.0,0.0,8.0,10,0,10.0,Ownership,Private,,
134,Buildable Lots- 5,Dorchester,02124,9,0,9,0.0,0.0,0.0,9,0,9.0,Ownership,Private,,
135,Buildable Lots- 6,Mattapan,02126,12,0,12,0.0,0.0,0.0,12,0,12.0,Ownership,Private,,
141,Call Carolina Homes,Jamaica Plain,02130,8,0,8,0.0,0.0,0.0,8,0,8.0,Ownership,Private,,
142,Callender|Floyd|Stratton NHI 1,Dorchester,02124,2,1,1,0.0,0.0,0.0,2,1,1.0,Ownership/Rental,Private,,
143,Callender|Floyd|Stratton NHI 2,Dorchester,02124,2,1,1,0.0,0.0,0.0,2,1,1.0,Ownership/Rental,Private,,
144,Callender|Floyd|Stratton NHI 3,Dorchester,02124,1,0,1,0.0,0.0,0.0,1,0,1.0,Ownership,Private,,
145,Callender|Floyd|Stratton NHI 4,Mattapan,02124,2,1,1,0.0,0.0,0.0,2,1,1.0,Ownership/Rental,Private,,
146,Callender|Floyd|Stratton NHI 5,Mattapan,02124,2,1,1,0.0,0.0,0.0,2,1,1.0,Ownership/Rental,Private,,
147,Callender|Floyd|Stratton NHI 6,Dorchester,02124,1,0,1,0.0,0.0,0.0,1,0,1.0,Ownership,Private,,
148,Callender|Floyd|Stratton NHI 7,Dorchester,02124,2,1,1,0.0,0.0,0.0,2,1,1.0,Ownership,Private,,
149,Callender|Floyd|Stratton NHI 8,Mattapan,02124,2,1,1,0.0,0.0,0.0,2,1,1.0,Ownership/Rental,Private,,
150,Callender|Floyd|Stratton NHI 9,Dorchester,02124,1,0,1,0.0,0.0,0.0,1,0,1.0,Ownership,Private,,
151,Callender|Tucker NHI 1,Dorchester,02124,2,1,1,0.0,0.0,0.0,2,1,1.0,Ownership,Private,,
152,Callender|Tucker NHI 2,Dorchester,02124,2,1,1,0.0,0.0,0.0,2,1,1.0,Ownership/Rental,Private,,
153,Callender|Tucker NHI 3,Dorchester,02124,2,1,1,0.0,0.0,0.0,2,1,1.0,Ownership,Private,,
154,Callender|Tucker NHI 4,Dorchester,02124,2,1,1,0.0,0.0,0.0,2,1,1.0,Ownership,Private,,
157,Capen Green,Dorchester,02124,18,0,18,0.0,0.0,0.0,18,0,18.0,Ownership,Private,,
158,Cardella (VUP),South Boston,02127,2,1,1,0.0,0.0,0.0,2,1,1.0,Ownership/Rental,Private,,
164,Carlton Wharf,East Boston,02128,30,0,30,0.0,0.0,0.0,30,0,30.0,Ownership,Private,,
166,Carroll (VUP),Roxbury,02125,2,1,1,1.0,0.0,1.0,1,1,0.0,Ownership/Rental,Private,,
167,Carvalho (VUP),Dorchester,02122,2,2,0,0.0,0.0,0.0,2,2,0.0,Rental,Private,,
168,Cary Cottage,Roxbury,02119,10,10,0,0.0,0.0,0.0,10,10,0.0,Rental,Private,,
169,Casa Familias Unidas,Roxbury,02119,9,9,0,0.0,0.0,0.0,9,9,0.0,Rental,Private,,
171,Casa Nueva Vida,Jamaica Plain,02130,7,7,0,0.0,0.0,0.0,7,7,0.0,Rental,Private,,
177,Ceinture (20 W Fifth),South Boston,02127,54,0,54,44.0,0.0,44.0,10,0,10.0,Ownership,Private,,
181,Chaisson (VUP),Dorchester,02125,2,1,1,1.0,0.0,1.0,1,1,0.0,Ownership/Rental,Private,,
182,Channel View Condominiums,South Boston,02127,18,0,18,16.0,0.0,16.0,2,0,2.0,Ownership,Private,,
183,Channel Wharf,South Boston,02127,45,0,45,40.0,0.0,40.0,5,0,5.0,Ownership,Private,,
188,Charles Street Gardens,Charlestown,02129,21,0,21,14.0,0.0,14.0,7,0,7.0,Ownership,Private,,
189,Charlesbank Cooperative Corporation,Mission Hill,02120,276,0,276,274.0,0.0,274.0,2,0,2.0,Cooperative,Private,,
192,Charlestown Navy Yard Row Houses,Charlestown,02129,50,0,50,34.0,0.0,34.0,16,0,16.0,Ownership,Private,,
196,Chestnut Avenue (p/o Self Help Apts),Jamaica Plain,02130,3,3,0,0.0,0.0,0.0,3,3,0.0,Rental,Private,,
197,Chestnut Hill Gardens,Brighton,02135,36,0,36,32.0,0.0,32.0,4,0,4.0,Ownership,Private,,
198,Chestnut Hill Park,Brighton,02135,47,0,47,45.0,0.0,45.0,2,0,2.0,Ownership,Private,,
199,Chestnut Hill Waterworks,Brighton,02135,108,0,108,97.0,0.0,97.0,11,0,11.0,Ownership,Private,,
204,Clarendon Square,South End,02116,60,0,60,51.0,0.0,51.0,9,0,9.0,Ownership,Private,,
205,Clarendon-Warren Condominium,South End,02116,31,0,31,21.0,0.0,21.0,10,0,10.0,Ownership,Private,,
207,Cliffmont Condominium,Roslindale,02131,90,0,90,89.0,0.0,89.0,1,0,1.0,Ownership,Private,,
209,Codman Commons,Dorchester,02124,28,0,28,11.0,0.0,11.0,17,0,17.0,Ownership,Private,,
212,Columbia Road/Lighthouse,Dorchester,02125,4,4,0,0.0,0.0,0.0,4,4,0.0,Rental,Private,,
221,Condor-Havre Garden Apartments,East Boston,02128,7,7,0,0.0,0.0,0.0,7,7,0.0,Rental,Private,,
224,Coppersmith Village Ownership,East Boston,02128,15,0,15,7.0,0.0,7.0,8,0,8.0,Ownership,Private,,
227,Costello Homes,South Boston,02127,15,0,15,7.0,0.0,7.0,8,0,8.0,Ownership,Private,,
232,Courtyard at Cedar Grove,Dorchester,02124,18,0,18,16.0,0.0,16.0,2,0,2.0,Ownership,Private,,
235,Crawford House Apts,Roxbury,02121,9,9,0,0.0,0.0,0.0,9,9,0.0,Rental,Private,,Y
236,Creighton Commons Condominiums,Jamaica Plain,02130,16,0,16,0.0,0.0,0.0,16,0,16.0,Ownership,Private,,
239,D4 Police Station,South End,02136,26,0,26,24.0,0.0,24.0,2,0,2.0,Ownership,Private,,
240,Dacia Residence at Beauford Green,Roxbury,02125,29,0,29,0.0,0.0,0.0,29,0,29.0,Ownership,Private,,
242,DaRosa (VUP),Dorchester,02122,1,1,0,0.0,0.0,0.0,1,1,0.0,Rental,Private,,
245,Davenport Commons,Roxbury,02120,60,0,60,48.0,0.0,48.0,12,0,12.0,Ownership,Private,,
246,Davis (VUP),Roxbury,02125,2,2,0,0.0,0.0,0.0,2,2,0.0,Rental,Private,,
248,DeMarco (VUP),East Boston,02128,2,1,1,1.0,0.0,1.0,1,1,0.0,Ownership/Rental,Private,,
250,Dexter Building,Downtown,02111,58,0,58,57.0,0.0,57.0,1,0,1.0,Ownership,Private,,
251,DiGirolamo (VUP),East Boston,02128,2,1,1,1.0,0.0,1.0,1,1,0.0,Ownership/Rental,Private,,
252,Dillon (VUP),Dorchester,02122,2,1,1,1.0,0.0,1.0,1,1,0.0,Ownership/Rental,Private,,
254,Dirigo Spice Building,South Boston,02127,17,0,17,16.0,0.0,16.0,1,0,1.0,Ownership,Private,,
255,Disilvio (VUP),East Boston,02128,2,1,1,1.0,0.0,1.0,1,1,0.0,Ownership/Rental,Private,,
258,DNA Lofts,Dorchester,02125,59,0,59,51.0,0.0,51.0,8,0,8.0,Ownership,Private,,
259,Domicilia I & II,Dorchester,02122,10,10,0,0.0,0.0,0.0,10,10,0.0,Rental,Private,Y,Y
260,Domicilia III,Jamaica Plain,02130,8,8,0,0.0,0.0,0.0,8,8,0.0,Rental,Private,,Y
263,Dover Lofts,South End,02118,16,0,16,14.0,0.0,14.0,2,0,2.0,Ownership,Private,,
264,Drayton Homes,Dorchester,02125,12,0,12,0.0,0.0,0.0,12,0,12.0,Ownership,Private,,
270,Dumas|Mascot Neighborhood Homes,Dorchester,02124,7,3,4,2.0,1.0,1.0,5,2,3.0,Ownership/Rental,Private,,
271,Dunmore Place,Roxbury,02119,6,6,0,0.0,0.0,0.0,6,6,0.0,Rental,Private,,
272,Dwight St Apts,South End,02118,9,9,0,0.0,0.0,0.0,9,9,0.0,Rental,Private,,
276,East Springfield/Northampton Streets,South End,02118,10,0,10,1.0,0.0,1.0,9,0,9.0,Ownership,Private,,
280,Edson|Peacevale NHI,Dorchester,02124,1,0,1,0.0,0.0,0.0,1,0,1.0,Ownership,Private,,
281,Edson|Peacevale NHI (30 Milton),Dorchester,02124,1,0,1,0.0,0.0,0.0,1,0,1.0,Rental,Private,,
282,Edward Everett Square,Dorchester,02125,6,0,6,4.0,0.0,4.0,2,0,2.0,Ownership,Private,,
287,Elven Road,Roslindale,02131,8,3,5,0.0,0.0,0.0,8,3,5.0,Ownership/Rental,Private,,
289,Epps (VUP),Dorchester,02121,2,1,1,1.0,0.0,1.0,1,1,0.0,Ownership/Rental,Private,,
293,Eutaw/Meridian,East Boston,02128,1,0,1,0.0,0.0,0.0,1,0,1.0,Rental,Private,,
298,Fan Pier Parcel C,South Boston Waterfront,02110,108,0,108,106.0,0.0,106.0,2,0,2.0,Ownership,Private,,
299,Fan Pier Parcel D,South Boston Waterfront,02210,120,0,120,116.0,0.0,116.0,4,0,4.0,Ownership,Private,,
303,FDIC Scattered Site Condo Project,Brighton,02135,9,4,5,0.0,0.0,0.0,9,4,5.0,Ownership/Rental,Private,,
307,Fenway Condos,Fenway,02215,3,0,3,0.0,0.0,0.0,3,0,3.0,Ownership,Private,,
308,Fenwick Gardens - Home Again,Dorchester,02125,15,1,14,0.0,0.0,0.0,15,1,14.0,Ownership/Rental,Private,,
309,Fernald State School (689-?),Dorchester,02125,8,8,0,0.0,0.0,0.0,8,8,0.0,Rental,Public,,
311,First & First (Phase I & II),South Boston,02127,47,0,47,20.0,0.0,20.0,27,0,27.0,Ownership,Private,,
315,Forbes Street Residences,Jamaica Plain,02130,35,0,35,29.0,0.0,29.0,6,0,6.0,Ownership,Private,,
316,Ford (VUP),Mattapan,02126,3,2,1,1.0,0.0,1.0,2,2,0.0,Ownership/Rental,Private,,
317,Forecaster Building,West End,02114,80,0,80,73.0,0.0,73.0,7,0,7.0,Ownership,Private,,
321,Forest|Vine NHI 1,Roxbury,02119,5,2,3,0.0,0.0,0.0,5,2,3.0,Ownership/Rental,Private,,
322,Forest|Vine NHI 2,Roxbury,02119,3,0,3,0.0,0.0,0.0,3,0,3.0,Ownership,Private,,
324,Fort Point Place,South Boston Waterfront,02210,117,0,117,103.0,0.0,103.0,14,0,14.0,Ownership,Private,,
325,Foster (VUP),Roxbury,02121,2,1,1,1.0,0.0,1.0,1,1,0.0,Ownership/Rental,Private,,
326,Fountain Hill,Roxbury,02119,46,0,46,26.0,0.0,26.0,20,0,20.0,Ownership,Private,,
330,Franklin Field South/Highland Pk Estates,Dorchester,02124,22,4,18,0.0,0.0,0.0,22,4,18.0,Ownership/Rental,Private,,
331,Franklin Fld South II - HOME AGAIN,Dorchester,02124,23,1,22,0.0,0.0,0.0,23,1,22.0,Ownership/Rental,Private,,
338,Friend's House,Jamaica Plain,02130,9,9,0,0.0,0.0,0.0,9,9,0.0,Rental,Private,,
339,Fulton Court Condominium,North End,02109,67,0,67,61.0,0.0,61.0,6,0,6.0,Ownership,Private,,
342,Gardner Flats Condominium,Allston,02134,14,0,14,12.0,0.0,12.0,2,0,2.0,Ownership,Private,,
344,Garrison Trotter Phase I - HOME AGAIN,Roxbury,02121,18,2,16,6.0,0.0,6.0,12,2,10.0,Ownership/Rental,Private,,
347,Gateway Terrace - Dover Residences,South End,02119,133,0,133,120.0,0.0,120.0,13,0,13.0,Ownership,Private,,
355,Gleason Street MIHI Package 2,Dorchester,02121,8,8,0,0.0,0.0,0.0,8,8,0.0,Rental,Private,,
357,Glenway|Roxton NHI,Dorchester,02121,6,3,3,0.0,0.0,0.0,6,3,3.0,Ownership/Rental,Private,,
359,Gomes (VUP),Dorchester,02124,1,1,0,0.0,0.0,0.0,1,1,0.0,Rental,Private,,
360,Goodale Rd. - HOME AGAIN,Mattapan,02126,10,5,5,0.0,0.0,0.0,10,5,5.0,Ownership/Rental,Private,,
361,Gordon's Wood,West Roxbury,02132,42,0,42,37.0,0.0,37.0,5,0,5.0,Ownership,Private,,
375,Green (VUP),Dorchester,02121,2,1,1,1.0,0.0,1.0,1,1,0.0,Ownership/Rental,Private,,
376,Green (VUP) CDFI,Dorchester,02121,2,1,1,1.0,0.0,1.0,1,1,0.0,Ownership/Rental,Private,,
379,Grubow (VUP),Mattapan,02126,2,1,1,1.0,0.0,1.0,1,1,0.0,Ownership/Rental,Private,,
380,Guaetta (VUP),East Boston,02128,2,1,1,1.0,0.0,1.0,1,1,0.0,Ownership/Rental,Private,,
381,Habitat Arrowhead Site (REMS Land),Dorchester,02121,19,0,19,0.0,0.0,0.0,19,0,19.0,Ownership,Private,,
382,Habitat Balina Pl,Dorchester,02124,2,0,2,0.0,0.0,0.0,2,0,2.0,Ownership,Private,,
383,Habitat Bradeen St,Roslindale,02131,2,0,2,0.0,0.0,0.0,2,0,2.0,Ownership,Private,,
384,Habitat Fairland St,Roxbury,02119,3,0,3,0.0,0.0,0.0,3,0,3.0,Ownership,Private,,
385,Habitat Regent Street,Roxbury,02119,6,0,6,0.0,0.0,0.0,6,0,6.0,Ownership,Private,,
386,Habitat Woodbine St,Roxbury,02119,2,1,1,0.0,0.0,0.0,2,1,1.0,Ownership/Rental,Private,,
387,Habitat-Woodville Street,Roxbury,02119,4,0,4,0.0,0.0,0.0,4,0,4.0,Ownership,Private,,
393,Hano Homes II,Allston,02134,12,0,12,0.0,0.0,0.0,12,0,12.0,Ownership,Private,,
394,Haraska (VUP),Dorchester,02122,2,1,1,1.0,0.0,1.0,1,1,0.0,Ownership/Rental,Private,,
396,Harborview Condominiums,South Boston,02127,25,0,25,23.0,0.0,23.0,2,0,2.0,Ownership,Private,,
397,Hargrove (VUP),Roxbury,02119,3,2,1,1.0,0.0,1.0,2,2,0.0,Ownership/Rental,Private,,
398,Harrison Commons,South End,02118,196,9,187,186.0,0.0,186.0,10,9,1.0,Ownership/Rental,Private,,
404,Hazel Parks,Dorchester,02124,48,0,48,0.0,0.0,0.0,48,0,48.0,Ownership,Private,,
410,Hiawatha|Mattapan Neighborhood Homes,Mattapan,02126,8,2,6,2.0,1.0,1.0,6,1,5.0,Ownership,Private,,
411,Highland Homes at Fort Hill - Home Again,Roxbury,02119,18,0,18,4.0,0.0,4.0,14,0,14.0,Ownership,Private,,
414,Highland Park Estates - Home Again,Roxbury,02119,6,1,5,0.0,0.0,0.0,6,1,5.0,Ownership/Rental,Private,,
415,Highland Park II (Affordable),Roxbury,02119,11,1,10,3.0,0.0,3.0,8,1,7.0,Ownership/Rental,Private,,
416,Hillside Homes at Franklin Park,Jamaica Plain,02130,12,0,12,10.0,0.0,10.0,2,0,2.0,Ownership,Private,,
418,Hoffman (VUP) CDFI,Dorchester,02124,2,1,1,1.0,0.0,1.0,1,1,0.0,Ownership/Rental,Private,,
420,Holmes (VUP),Dorchester,02121,2,2,0,1.0,1.0,0.0,1,1,0.0,Rental,Private,,
421,Home Again (Back of the Hill),Mission Hill,02120,22,6,16,0.0,0.0,0.0,22,6,16.0,Ownership/Rental,Private,,
423,Homes at Peter's Park,South End,02118,10,0,10,7.0,0.0,7.0,3,0,3.0,Ownership,Private,,
424,Homestead House,Roxbury,02121,6,6,0,1.0,1.0,0.0,5,5,0.0,Rental,Private,,
427,Hopkins-Capen-Mountain-Fuller,Dorchester,02124,9,5,4,0.0,0.0,0.0,9,5,4.0,Ownership/Rental,Private,,
428,Horizons I,Mattapan,02126,7,7,0,1.0,1.0,0.0,6,6,0.0,Rental,Public,,
430,Howard/Woodward/Dean,Roxbury,02125,9,0,9,0.0,0.0,0.0,9,0,9.0,Ownership,Private,,
433,Humphreys St Housing Homeownership,Dorchester,02125,7,0,7,0.0,0.0,0.0,7,0,7.0,Ownership,Private,,
435,Humphreys Street Homeowner,Dorchester,02125,7,0,7,0.0,0.0,0.0,7,0,7.0,Ownership,Private,,
436,Hunt (VUP),Dorchester,02121,2,2,0,0.0,0.0,0.0,2,2,0.0,Rental,Private,,
438,Hurley (VUP),Dorchester,02122,2,1,1,1.0,0.0,1.0,1,1,0.0,Ownership/Rental,Private,,
439,Hyde Square Commons,Jamaica Plain,02130,18,0,18,17.0,0.0,17.0,1,0,1.0,Ownership,Private,,
441,Hyde/Jackson Homes,Jamaica Plain,02130,13,2,11,0.0,0.0,0.0,13,2,11.0,Ownership/Rental,Private,,
442,Hyde-Blakemore,Roslindale,02131,13,0,13,0.0,0.0,0.0,13,0,13.0,Ownership,Private,,
444,Independent Living Project,Hyde Park,02136,6,6,0,0.0,0.0,0.0,6,6,0.0,Rental,Private,,
447,Infill Colaborative,Roxbury,02120,4,0,4,3.0,0.0,3.0,1,0,1.0,Ownership,Private,,
448,Infill I,Dorchester,02121,48,0,48,31.0,0.0,31.0,17,0,17.0,Ownership,Private,,
449,Infill I (MHFA) ?,Dorchester,02124,8,8,0,0.0,0.0,0.0,8,8,0.0,Rental,Public,,
450,Ingram (VUP),Roxbury,02121,3,2,1,1.0,0.0,1.0,2,2,0.0,Ownership/Rental,Private,,
452,Ink Block Sepia (Building 4),South End,02118,77,0,77,69.0,0.0,69.0,8,0,8.0,Ownership,Private,,
453,Ink Block Siena (Building 5),South End,02118,76,0,76,74.0,0.0,74.0,2,0,2.0,Ownership,Private,,
455,Intervale St. HOME AGAIN,Dorchester,02121,15,2,13,0.0,0.0,0.0,15,2,13.0,Ownership/Rental,Private,,
456,Intervale-Fayston,Dorchester,02121,5,3,2,0.0,0.0,0.0,5,3,2.0,Ownership/Rental,Private,,
460,Jackson (VUP),Dorchester,02124,2,1,1,1.0,0.0,1.0,1,1,0.0,Ownership/Rental,Private,,
462,Jacob's Place,Dorchester,02121,12,0,12,0.0,0.0,0.0,12,0,12.0,Ownership,Private,,
465,Jewish Community Housing for the Elderly,Brighton,02135,61,0,61,0.0,0.0,0.0,61,61,0.0,Rental,Private,Y,
467,Johnson (VUP) CDFI,Dorchester,02121,2,1,1,1.0,0.0,1.0,1,1,0.0,Ownership/Rental,Private,,
468,JP Cohousing,Jamaica Plain,02130,30,0,30,27.0,0.0,27.0,3,0,3.0,Ownership,Private,,
470,Julian Phase I - HOME AGAIN,Roxbury,02119,13,2,11,0.0,0.0,0.0,13,2,11.0,Ownership/Rental,Private,,
471,KAFANM - Circle of Haitian Women (aka Women's Institute),Dorchester,02124,6,6,0,0.0,0.0,0.0,6,6,0.0,Rental,Private,,
473,Keazer (VUP),Dorchester,02124,2,1,1,1.0,0.0,1.0,1,1,0.0,Ownership/Rental,Private,,
474,Kelley (VUP),Jamaica Plain,02119,2,1,1,1.0,0.0,1.0,1,1,0.0,Ownership/Rental,Private,,
476,Ketchen (VUP),Roxbury,02119,2,1,1,1.0,0.0,1.0,1,1,0.0,Ownership/Rental,Private,,
478,Kimbrough (VUP),Dorchester,02124,2,1,1,1.0,0.0,1.0,1,1,0.0,Ownership/Rental,Private,,
479,Kittredge Square,Roxbury,02119,6,0,6,3.0,0.0,3.0,3,0,3.0,Ownership,Private,,
481,Laconia Condominiums,South End,02124,99,0,99,71.0,0.0,71.0,28,0,28.0,Ownership,Private,,
482,Lafayette Lofts,Downtown,02111,42,0,42,38.0,0.0,38.0,4,0,4.0,Ownership,Private,,
483,Lamartine Homes - Home Again,Jamaica Plain,02130,10,2,8,0.0,0.0,0.0,10,2,8.0,Ownership/Rental,Private,,
484,Lancaster House Condominium,South End,02118,4,0,4,0.0,0.0,0.0,4,0,4.0,Ownership,Private,,
488,Laramie (VUP),Hyde Park,02136,2,1,1,1.0,0.0,1.0,1,1,0.0,Rental,Private,,
489,Larchmont Residence,Dorchester,02124,8,8,0,0.0,0.0,0.0,8,8,0.0,Rental,Private,,
490,Larkin (VUP),Jamaica Plain,02130,1,1,0,0.0,0.0,0.0,1,1,0.0,Rental,Private,,
492,Lawrence (VUP),Dorchester,02121,2,1,1,1.0,0.0,1.0,1,1,0.0,Ownership/Rental,Private,,
493,Lawrence Court,South End,02116,12,0,12,9.0,0.0,9.0,3,0,3.0,Ownership,Private,,
501,Little Chestnut Street Condominium,Charlestown,02129,6,0,6,0.0,0.0,0.0,6,0,6.0,Ownership,Private,,
513,Lucky Strike Residential Project,Dorchester,02122,22,3,19,19.0,0.0,19.0,3,3,0.0,Ownership/Rental,Private,,
514,Luis (VUP),Dorchester,02124,2,1,1,1.0,0.0,1.0,1,1,0.0,Ownership/Rental,Private,,
515,Lumen,Charlestown,02129,30,0,30,26.0,0.0,26.0,4,0,4.0,Ownership,Private,,
517,M Walsh (VUP),Dorchester,02122,2,2,0,0.0,0.0,0.0,2,2,0.0,Rental,Private,,
520,M.R. Smith (VUP),Mattapan,02126,2,1,1,1.0,0.0,1.0,1,1,0.0,Ownership/Rental,Private,,
525,Main Street Townhouses,Charlestown,02129,26,0,26,16.0,0.0,16.0,10,0,10.0,Ownership,Private,,
529,Manganello (VUP),East Boston,02128,2,1,1,1.0,0.0,1.0,1,1,0.0,Ownership/Rental,Private,,
533,Marriro (VUP) CDFI,Roxbury,02121,3,2,1,1.0,0.0,1.0,2,2,0.0,Ownership/Rental,Private,,
534,Martinex-Alamo (VUP),Roxbury,02125,3,2,1,1.0,0.0,1.0,2,2,0.0,Ownership/Rental,Private,,
547,Mendes (VUP),Dorchester,02125,3,2,1,1.0,0.0,1.0,2,2,0.0,Ownership/Rental,Private,,
548,Meranda (VUP),Dorchester,02121,2,1,1,1.0,0.0,1.0,1,1,0.0,Ownership/Rental,Private,,
551,Meridian St,East Boston,02128,5,0,5,0.0,0.0,0.0,5,0,5.0,Ownership,Private,,
553,Mezzo Design Lofts,Charlestown,02129,146,0,146,131.0,0.0,131.0,15,0,15.0,Ownership,Private,,
554,MHPI Community Apartments,Mission Hill,02120,6,6,0,0.0,0.0,0.0,6,6,0.0,Rental,Private,,
557,MHPI IV-A,Jamaica Plain,02130,10,10,0,0.0,0.0,0.0,10,10,0.0,Rental,Private,,Y
558,MHPI IV-B,Roxbury,02119,10,10,0,0.0,0.0,0.0,10,10,0.0,Rental,Private,,Y
562,Midway Phase I,South Boston Waterfront,02127,44,0,44,38.0,0.0,38.0,6,0,6.0,Ownership,Private,,
564,Miller (VUP),Dorchester,02122,1,1,0,0.0,0.0,0.0,1,1,0.0,Rental,Private,,
566,Minot Hall Condominium,South End,02118,45,0,45,42.0,0.0,42.0,3,0,3.0,Ownership,Private,,
570,Mission Hill Phase I - HOME AGAIN,Mission Hill,02120,22,6,16,0.0,0.0,0.0,22,6,16.0,Ownership/Rental,Private,,
572,Mission Hill Scattered Sites,Mission Hill,02120,21,0,21,16.0,0.0,16.0,5,0,5.0,Ownership,Private,,
573,Mission Hill-Phase III - Home Again,Mission Hill,02120,24,6,18,0.0,0.0,0.0,24,6,18.0,Ownership/Rental,Private,,
578,MLK/Washington Commons,Roxbury,02119,49,0,49,21.0,0.0,21.0,28,0,28.0,Ownership,Private,,
579,Monsignor Lyons Condo II,South Boston,02127,6,0,6,0.0,0.0,0.0,6,0,6.0,Ownership,Private,,
580,Monsignor Lyons II- HOME AGAIN,South Boston,02127,6,0,6,0.0,0.0,0.0,6,0,6.0,Ownership,Private,,
581,Monsignor Lyons Townhouses,South Boston,02127,10,0,10,0.0,0.0,0.0,10,0,10.0,Ownership,Private,,
582,Montebello Rd Coop,Jamaica Plain,02130,7,7,0,0.0,0.0,0.0,7,7,0.0,Cooperative,Private,,
583,Moore (VUP),Mattapan,02126,2,1,1,1.0,0.0,1.0,1,1,0.0,Ownership/Rental,Private,,
593,Mt. Bowdoin/Erie Ellington - HOME AGAIN,Dorchester,02121,16,6,10,0.0,0.0,0.0,16,6,10.0,Ownership/Rental,Private,,
594,Munevar (VUP),Jamaica Plain,02130,3,2,1,1.0,0.0,1.0,2,2,0.0,Ownership/Rental,Private,,
602,New England Heritage Homes 1,Dorchester,02124,16,0,16,0.0,0.0,0.0,16,0,16.0,Ownership,Private,,
603,New England Heritage Homes 2,Dorchester,02124,16,0,16,0.0,0.0,0.0,16,0,16.0,Ownership,Private,,
604,New England Heritage Homes 3,Dorchester,02124,16,0,16,0.0,0.0,0.0,16,0,16.0,Ownership,Private,,
605,New England Heritage Homes 4,Dorchester,02124,16,0,16,0.0,0.0,0.0,16,0,16.0,Ownership,Private,,
606,New England Heritage Homes 5,Dorchester,02124,16,0,16,0.0,0.0,0.0,16,0,16.0,Ownership,Private,,
607,New England Heritage Homes 6,Dorchester,02124,16,0,16,0.0,0.0,0.0,16,0,16.0,Ownership,Private,,
608,New England Heritage Homes 7,Dorchester,02124,16,0,16,0.0,0.0,0.0,16,0,16.0,Ownership,Private,,
613,Norflett (VUP),Dorchester,02121,2,1,1,1.0,0.0,1.0,1,1,0.0,Ownership/Rental,Private,,
614,Norfolk Street Transitional,Mattapan,02126,3,3,0,0.0,0.0,0.0,3,3,0.0,Rental,Private,,
617,Northampton Street,Roxbury,02118,32,0,32,26.0,0.0,26.0,6,0,6.0,Ownership,Private,,
621,Norwell Whitfield (HOME AGAIN),Dorchester,02124,20,2,18,0.0,0.0,0.0,20,2,18.0,Ownership/Rental,Private,,
622,Nu Life Development,Dorchester,02121,16,0,16,0.0,0.0,0.0,16,0,16.0,Ownership,Private,,
628,Old Colony Square,South Boston,02127,24,0,24,21.0,0.0,21.0,3,0,3.0,Ownership,Private,,
629,Oliveira (VUP),Dorchester,02125,2,1,1,1.0,0.0,1.0,1,1,0.0,Ownership/Rental,Private,,
638,One Garden Condominium,Beacon Hill,02114,12,0,12,11.0,0.0,11.0,1,0,1.0,Ownership,Private,,
641,One Lincoln Plaza,Leather District,02111,85,0,85,74.0,0.0,74.0,11,0,11.0,Ownership,Private,,
646,Otis Field Estates,Roxbury,02121,10,0,10,0.0,0.0,0.0,10,0,10.0,Ownership,Private,,
647,Owens (VUP),Dorchester,02121,2,2,0,0.0,0.0,0.0,2,2,0.0,Rental,Private,,
651,Parcel 24/South Homeownership,Chinatown,02111,51,0,51,0.0,0.0,0.0,51,0,51.0,Ownership,Private,,
653,Parcel 39A,Charlestown,02129,54,0,54,43.0,0.0,43.0,11,0,11.0,Ownership,Private,,
654,Parcel P-2,Charlestown,02129,21,0,21,14.0,0.0,14.0,7,0,7.0,Ownership,Private,,
655,Parcel R-8,Roxbury,02118,3,0,3,2.0,0.0,2.0,1,0,1.0,Ownership,Private,,
657,Parcel U (Phase B),Jamaica Plain,02130,30,0,30,26.0,0.0,26.0,4,0,4.0,Ownership,Private,,
667,Parry (VUP),Roxbury,02121,2,2,0,0.0,0.0,0.0,2,2,0.0,Rental,Private,,
669,Pass (VUP),Dorchester,02124,2,1,1,1.0,0.0,1.0,1,1,0.0,Ownership/Rental,Private,,
671,Patrick (VUP),Mattapan,02126,2,1,1,1.0,0.0,1.0,1,1,0.0,Ownership/Rental,Private,,
675,Penniman on the Park,Allston,02134,36,0,36,30.0,0.0,30.0,6,0,6.0,Ownership,Private,,
676,Penny Savings,South End,02118,23,0,23,21.0,0.0,21.0,2,0,2.0,Ownership,Private,,
677,Pereira (VUP),Dorchester,02125,2,1,1,1.0,0.0,1.0,1,1,0.0,Ownership/Rental,Private,,
678,Perkins (VUP),Mattapan,02126,2,1,1,1.0,0.0,1.0,1,1,0.0,Ownership/Rental,Private,,
680,Peters (VUP),Dorchester,02121,2,1,1,1.0,0.0,1.0,1,1,0.0,Ownership/Rental,Private,,
686,Pinnock (VUP),Mattapan,02126,2,1,1,1.0,0.0,1.0,1,1,0.0,Ownership/Rental,Private,,
688,Port 45,South Boston,02127,104,0,104,91.0,0.0,91.0,13,0,13.0,Ownership,Private,,
689,Portis Family House,Jamaica Plain,02115,7,7,0,0.0,0.0,0.0,7,7,0.0,Rental,Private,,
690,Powell (VUP),Roxbury,02121,2,1,1,1.0,0.0,1.0,1,1,0.0,Ownership/Rental,Private,,
693,Putnam Place,Roxbury,02121,9,1,8,2.0,0.0,2.0,7,1,6.0,Ownership/Rental,Private,,
699,Raven-Ramsey-Folsom,Dorchester,02125,7,4,3,1.0,0.0,1.0,6,3,3.0,Ownership/Rental,Private,,
700,Reddick (VUP),Roxbury,02119,2,1,1,1.0,0.0,1.0,1,1,0.0,Ownership/Rental,Private,,
703,Residences At Bigelow Court,Brighton,02135,26,0,26,23.0,0.0,23.0,3,0,3.0,Ownership/Rental,Private,,
705,Residences at Dahlgren Hall,South Boston,02127,18,0,18,16.0,0.0,16.0,2,0,2.0,Ownership,Private,,
709,RMSC Family House Shelter Conversion,Dorchester,02121,8,8,0,0.0,0.0,0.0,8,8,0.0,Rental,Private,,
711,Robinson (VUP),Dorchester,02121,2,1,1,1.0,0.0,1.0,1,1,0.0,Ownership/Rental,Private,,
716,Rodrigues (VUP),Jamaica Plain,02130,2,2,0,1.0,1.0,0.0,1,1,0.0,Rental,Private,,
719,Roslindale Commons Condominiums,Roslindale,02131,12,0,12,11.0,0.0,11.0,1,0,1.0,Ownership,Private,,
727,R-Prospect St,Charlestown,02129,14,0,14,11.0,0.0,11.0,3,0,3.0,Ownership,Private,,
731,Rutland Square,South End,02118,5,5,0,0.0,0.0,0.0,5,5,0.0,Rental,Private,,
733,S Boston Hsg Initiative- Habitat,South Boston,02127,7,0,7,0.0,0.0,0.0,7,0,7.0,Ownership,Private,,
734,Safe Haven,Back Bay,02116,6,6,0,0.0,0.0,0.0,6,6,0.0,Rental,Private,,
736,Saratoga Heights,East Boston,02128,21,0,21,18.0,0.0,18.0,3,0,3.0,Ownership,Private,,
738,Sargent Street Homes - Home Again,Roxbury,02125,16,5,11,0.0,0.0,0.0,16,5,11.0,Ownership/Rental,Private,,
740,Savin Maywood Init. (Phase II),Roxbury,02119,8,0,8,0.0,0.0,0.0,8,0,8.0,Ownership,Private,,
742,Savin/Maywood (Phase III) - Home Again,Roxbury,02119,5,0,5,0.0,0.0,0.0,5,0,5.0,Ownership,Private,,
747,SECD Housing,Roxbury,02118,10,10,0,0.0,0.0,0.0,10,10,0.0,Rental,Private,,Y
748,SECHC Cumston St,South End,02118,58,0,58,51.0,0.0,51.0,7,0,7.0,Ownership,Private,,
753,Shawmut Estates (p/o Orchard Park offsite Phase 3 HO),Roxbury,02119,15,0,15,0.0,0.0,0.0,15,0,15.0,Ownership,Private,,
755,Signal Building,South Boston,02127,75,0,75,66.0,0.0,66.0,9,0,9.0,Ownership,Private,,
756,Singleton (VUP),East Boston,02128,2,1,1,1.0,0.0,1.0,1,1,0.0,Ownership/Rental,Private,,
757,Siochain II,East Boston,02128,6,6,0,0.0,0.0,0.0,6,6,0.0,Rental,Private,,
760,Six55 Condominium,South Boston,02127,18,0,18,16.0,0.0,16.0,2,0,2.0,Ownership,Private,,
762,"Smith, Steven (VUP)",Dorchester,02121,1,1,0,0.0,0.0,0.0,1,1,0.0,Rental,Private,,
763,Soares (VUP),Roxbury,02125,1,1,0,0.0,0.0,0.0,1,1,0.0,Rental,Private,,
769,South Boston Housing Initiative - Cityside,South Boston,02127,5,0,5,0.0,0.0,0.0,5,0,5.0,Ownership,Private,,
773,SOUTH END APARTMENTS RENOVATION PROJECT,Roxbury,02118,5,5,0,0.0,0.0,0.0,5,5,0.0,Rental,Private,,
774,South End CHC,South End,02118,60,2,58,54.0,0.0,54.0,6,2,4.0,Ownership/Rental,Private,,
779,Southwest Crossing Condominium,Roslindale,02131,12,0,12,8.0,0.0,8.0,4,0,4.0,Ownership/Rental,Private,,
789,St James Estate Condominium,Roxbury,02119,22,0,22,14.0,0.0,14.0,8,0,8.0,Ownership,Private,,
790,St John of God - Market & Clergy,Brighton,02135,92,8,84,84.0,0.0,84.0,8,8,0.0,Ownership/Rental,Private,,
793,St Peter and Paul Church and Rectory,South Boston,02127,44,0,44,37.0,0.0,37.0,7,0,7.0,Ownership,Private,,
794,Stadia 50,Brighton,02135,46,0,46,40.0,0.0,40.0,6,0,6.0,Ownership,Private,,
796,Stanwood Homes - Home Again,Dorchester,02121,19,7,12,0.0,0.0,0.0,19,7,12.0,Ownership/Rental,Private,,
797,Stille (VUP),South Boston,02127,2,1,1,1.0,0.0,1.0,1,1,0.0,Ownership/Rental,Private,,
798,Stonewall at Audubon Circle Phase I,Fenway,02215,53,0,53,48.0,0.0,48.0,5,0,5.0,Ownership,Private,,
803,Sullivan (VUP),Dorchester,02121,1,1,0,0.0,0.0,0.0,1,1,0.0,Rental,Private,,
804,Sumner Court,Dorchester,02125,10,0,10,0.0,0.0,0.0,10,0,10.0,Ownership,Private,,
805,Sumner Hill House,Jamaica Plain,02130,75,0,75,45.0,0.0,45.0,30,0,30.0,Rental,Private,,
815,Suppressed18,Dorchester,02122,4,4,0,0.0,0.0,0.0,4,4,0.0,Rental,Private,,
816,Suppressed19,Dorchester,02122,6,6,0,0.0,0.0,0.0,6,6,0.0,Rental,Private,,
818,Suppressed20,Dorchester,02125,6,6,0,0.0,0.0,0.0,6,6,0.0,Rental,Private,,
819,Suppressed21,South End,02118,3,3,0,0.0,0.0,0.0,3,3,0.0,Rental,Private,,
821,Suppressed23,Dorchester,02124,4,4,0,0.0,0.0,0.0,4,4,0.0,Rental,Private,,
822,Suppressed24,Dorchester,02124,5,5,0,0.0,0.0,0.0,5,5,0.0,Rental,Private,,
826,Suppressed28,Jamaica Plain,02130,6,6,0,0.0,0.0,0.0,6,6,0.0,Rental,Private,,
827,Suppressed29,Mattapan,02126,8,8,0,0.0,0.0,0.0,8,8,0.0,Rental,Private,,
836,Suppressed4,Dorchester,02125,9,9,0,1.0,1.0,0.0,8,8,0.0,Rental,Private,,Y
838,Suppressed6,West Roxbury,02132,4,4,0,0.0,0.0,0.0,4,4,0.0,Rental,Private,,
841,Suppressed9,Roxbury,02119,9,9,0,0.0,0.0,0.0,9,9,0.0,Rental,Private,,
842,Symphony Court at Burbank Street,Fenway,02115,34,0,34,32.0,0.0,32.0,2,0,2.0,Ownership,Private,,
849,Taino Tower,South End,02118,27,0,27,12.0,0.0,12.0,15,0,15.0,Ownership,Private,,
853,Tate (VUP),Dorchester,02124,2,1,1,0.0,0.0,0.0,2,1,1.0,Ownership/Rental,Private,,
857,Tebroc Levant (HOME AGAIN),Dorchester,02124,5,1,4,0.0,0.0,0.0,5,1,4.0,Ownership/Rental,Private,,
858,Telford 180 (Formerly Charlesview Telford),Brighton,02135,85,0,85,79.0,0.0,79.0,6,0,6.0,Ownership,Private,,
859,Ten Most Wanted - 1,Dorchester,02121,3,2,1,0.0,0.0,0.0,3,2,1.0,Ownership/Rental,Private,,
860,Ten Most Wanted - 10,Roxbury,02125,3,2,1,0.0,0.0,0.0,3,2,1.0,Ownership/Rental,Private,,
861,Ten Most Wanted - 11,Dorchester,02121,2,1,1,0.0,0.0,0.0,2,1,1.0,Ownership/Rental,Private,,
862,Ten Most Wanted - 12,Roxbury,02125,1,0,1,0.0,0.0,0.0,1,0,1.0,Ownership,Private,,
863,Ten Most Wanted - 13,Roxbury,02119,2,1,1,0.0,0.0,0.0,2,1,1.0,Ownership/Rental,Private,,
864,Ten Most Wanted - 14,Dorchester,02124,2,1,1,0.0,0.0,0.0,2,1,1.0,Ownership/Rental,Private,,
865,Ten Most Wanted - 15,Roxbury,02125,1,0,1,0.0,0.0,0.0,1,0,1.0,Ownership,Private,,
866,Ten Most Wanted - 2,Mattapan,02126,2,1,1,0.0,0.0,0.0,2,1,1.0,Ownership/Rental,Private,,
867,Ten Most Wanted - 3,Roxbury,02119,4,2,2,0.0,0.0,0.0,4,2,2.0,Ownership/Rental,Private,,
868,Ten Most Wanted - 4,Dorchester,02122,2,1,1,0.0,0.0,0.0,2,1,1.0,Ownership/Rental,Private,,
869,Ten Most Wanted - 5,Dorchester,02121,2,1,1,0.0,0.0,0.0,2,1,1.0,Ownership/Rental,Private,,
870,Ten Most Wanted - 6,Dorchester,02121,2,1,1,0.0,0.0,0.0,2,1,1.0,Ownership/Rental,Private,,
871,Ten Most Wanted - 7,Dorchester,02124,2,1,1,0.0,0.0,0.0,2,1,1.0,Ownership,Private,,
872,Ten Most Wanted - 8,Dorchester,02121,3,2,1,2.0,2.0,0.0,1,0,1.0,Ownership,Private,,
873,Ten Most Wanted - 9,Dorchester,02121,2,1,1,0.0,0.0,0.0,2,1,1.0,Ownership/Rental,Private,,
875,Thane St Apts,Dorchester,02124,6,6,0,0.0,0.0,0.0,6,6,0.0,Rental,Private,,Y
876,The 1850 Condominium,South End,02118,87,0,87,76.0,0.0,76.0,11,0,11.0,Ownership,Private,,
877,The Aberdeen,Brighton,02125,40,0,40,35.0,0.0,35.0,5,0,5.0,Ownership,Private,,
881,The Boulevard,Downtown,02110,36,0,36,31.0,0.0,31.0,5,0,5.0,Ownership,Private,,
883,The Bryant,South End,02116,50,0,50,48.0,0.0,48.0,2,0,2.0,Ownership,Private,,
884,The Bulfinch,Mission Hill,02120,5,5,0,0.0,0.0,0.0,5,5,0.0,Ownership,Private,,
893,The Harmon Apartments (Boston Home Group),Dorchester,02124,36,0,36,6.0,0.0,6.0,30,30,0.0,Rental,Private,,
895,The Homes at Roxbury Crossing,Mission Hill,02120,22,0,22,0.0,0.0,0.0,22,0,22.0,Ownership,Private,,
896,The Lancaster,Brighton,02134,55,0,55,37.0,0.0,37.0,18,0,18.0,Ownership,Private,,
897,The Macallen,South Boston,02127,144,0,144,124.0,0.0,124.0,20,0,20.0,Ownership,Private,,
898,The Mark at DeNormanie Wharf,East Boston,02128,107,0,107,101.0,0.0,101.0,6,0,6.0,Ownership,Private,,
901,The Modern,Roxbury,02118,62,0,62,53.0,0.0,53.0,9,0,9.0,Ownership,Private,,
902,The Mt Vernon,Allston,02134,7,7,0,5.0,5.0,0.0,2,2,0.0,Rental,Private,,
903,The Nautica,Charlestown,02129,117,0,117,105.0,0.0,105.0,12,0,12.0,Ownership,Private,,
907,The Residences at St. Augustine,South Boston,02127,29,0,29,25.0,0.0,25.0,4,0,4.0,Ownership,Private,,
909,The Residences on E,South Boston,02127,34,0,34,30.0,0.0,30.0,4,0,4.0,Ownership,Private,,
910,The Seville Boston Harbor,East Boston,02128,66,0,66,58.0,0.0,58.0,8,0,8.0,Ownership,Private,,
915,Thetford-Dyer Neighborhood Homes,Dorchester,02124,16,7,9,6.0,6.0,0.0,10,4,6.0,Ownership/Rental,Private,,
917,Townhouses at Glenwood,Hyde Park,02136,19,0,19,17.0,0.0,17.0,2,0,2.0,Rental,Private,?,
918,Townhouses at Neponset River,Hyde Park,02136,16,0,16,14.0,0.0,14.0,2,0,2.0,Ownership,Private,,
924,Trolley House Condos,South Boston,02127,25,0,25,23.0,0.0,23.0,2,0,2.0,Ownership,Private,,
926,Trull/Ware Homes,Dorchester,02125,4,1,3,0.0,0.0,0.0,4,1,3.0,Ownership/Rental,Private,,
927,Twenty at Luma,Roxbury,02119,20,0,20,0.0,0.0,0.0,20,0,20.0,Ownership,Private,,
930,Uhomes,Brighton,02134,20,0,20,8.0,0.0,8.0,12,0,12.0,Ownership,Private,,
937,Urbanica 691,Roxbury,02118,40,0,40,38.0,0.0,38.0,2,0,2.0,Ownership,Private,,
938,Urbanica Highland Park (E+),Roxbury,02119,4,0,4,3.0,0.0,3.0,1,0,1.0,Ownership,Private,,
940,Valenchuck (VUP),Dorchester,02122,2,2,0,0.0,0.0,0.0,2,2,0.0,Rental,Private,,
942,Vet Step Up,Roxbury,02121,10,10,0,0.0,0.0,0.0,10,10,0.0,Rental,Private,,
944,VFW Parkway Condos,West Roxbury,02132,15,0,15,14.0,0.0,14.0,1,0,1.0,Ownership,Private,,
947,Victory House,South End,02118,6,6,0,0.0,0.0,0.0,6,6,0.0,Rental,Private,,
948,Viet-AID,Dorchester,02122,6,6,0,0.0,0.0,0.0,6,6,0.0,Rental,Private,,
950,Village At Cleary Square,Hyde Park,02136,59,0,59,53.0,0.0,53.0,6,0,6.0,Ownership,Private,,
951,Vines (VUP) CDFI,Dorchester,02121,2,2,0,0.0,0.0,0.0,2,2,0.0,Rental,Private,,
953,VITA,Jamaica Plain,02130,126,0,126,107.0,0.0,107.0,19,0,19.0,Ownership,Private,,
965,Wareham Lofts,South End,02118,28,0,28,25.0,0.0,25.0,3,0,3.0,Ownership,Private,,
968,Warren Green Leasehold Condominiums,Charlestown,02129,17,0,17,15.0,0.0,15.0,2,0,2.0,Ownership,Private,,
969,Warren St Nursing Home,Roxbury,02121,9,9,0,0.0,0.0,0.0,9,9,0.0,Rental,Private,,
970,Washington Grove,West Roxbury,02132,24,0,24,21.0,0.0,21.0,3,0,3.0,Ownership/Rental,Private,,
981,Watson (VUP),Dorchester,02124,2,2,0,0.0,0.0,0.0,2,2,0.0,Rental,Private,,
983,Waverly Homes II,Roxbury,02125,9,2,7,0.0,0.0,0.0,9,2,7.0,Ownership/Rental,Private,,
984,Wayland Street Homes,Roxbury,02125,6,0,6,0.0,0.0,0.0,6,0,6.0,Ownership,Private,,
991,Wellington Hill Phase I,Dorchester,02126,23,9,14,0.0,0.0,0.0,23,9,14.0,Ownership/Rental,Private,,
992,Wellington Hill Phase II,Mattapan,02126,8,3,5,0.0,0.0,0.0,8,3,5.0,Ownership/Rental,Private,,
993,Welsh (VUP),Brighton,02135,1,1,0,0.0,0.0,0.0,1,1,0.0,Rental,Private,,
995,West Cottage St Condominiums,Roxbury,02125,4,0,4,0.0,0.0,0.0,4,0,4.0,Ownership,Private,,
996,West Fenway Elderly,South End,02118,5,5,0,0.0,0.0,0.0,5,5,0.0,Rental,Private,Y,
999,West Roxbury Residences,West Roxbury,02132,4,4,0,0.0,0.0,0.0,4,4,0.0,Rental,Private,,
1002,Westminster 21 (Urban Edge),Roxbury,02119,5,0,5,0.0,0.0,0.0,5,0,5.0,Ownership,Private,,
1007,Wilkes Passage Loft Condominium,South End,02118,155,0,155,135.0,0.0,135.0,20,0,20.0,Ownership,Private,,
1008,Williams (VUP),Roxbury,02119,2,1,1,1.0,0.0,1.0,1,1,0.0,Ownership/Rental,Private,,
1009,Willowwood|Hildreth NHI,Dorchester,02124,8,4,4,0.0,0.0,0.0,8,4,4.0,Ownership/Rental,Private,,
1011,Winslow Court,Roxbury,02119,24,5,19,0.0,0.0,0.0,24,5,19.0,Ownership/Rental,Private,,
1012,Winston/Harwood (689-?),Dorchester,02124,10,0,10,0.0,0.0,0.0,10,0,10.0,Ownership,Public,,
1013,Wood (VUP),Dorchester,02124,1,1,0,0.0,0.0,0.0,1,1,0.0,Rental,Private,,
1016,Woodledge/Granfield,Roslindale,02131,6,6,0,0.0,0.0,0.0,6,6,0.0,Rental,Private,,
1017,Woodward Park - North - Home Again,Roxbury,02125,10,0,10,0.0,0.0,0.0,10,0,10.0,Ownership,Private,,
1018,Woodward Park II - HOME AGAIN,Roxbury,02125,11,0,11,0.0,0.0,0.0,11,0,11.0,Ownership,Private,,
1021,Wrentham St School,Mission Hill,02120,8,8,0,0.0,0.0,0.0,8,8,0.0,Rental,Private,,
1022,x & 404 West Second St,South Boston,02127,17,0,17,14.0,0.0,14.0,3,0,3.0,Ownership,Private,,
1023,x & 50 Corbet (REMS Land),Dorchester,02124,2,1,1,0.0,0.0,0.0,2,1,1.0,Ownership/Rental,Private,,
1024,x & x St George Street Condominium,South End,02118,29,0,29,15.0,0.0,15.0,14,0,14.0,Ownership,Private,,
1026,x A Street,South Boston,02127,25,0,25,22.0,0.0,22.0,3,0,3.0,Ownership,Private,,
1027,x A Street Front,South Boston Waterfront,02127,48,0,48,44.0,0.0,44.0,4,0,4.0,Ownership,Private,,
1028,x Adams Street,Dorchester,02122,3,3,0,0.0,0.0,0.0,3,3,0.0,Rental,Private,,
1029,x Albany Street,South End,02118,40,0,40,35.0,0.0,35.0,5,0,5.0,Ownership,Private,,
1030,x Algonquin St,Dorchester,02124,9,9,0,1.0,1.0,0.0,8,8,0.0,Rental,Private,,
1031,x Alpine Street,Roxbury,02119,3,3,0,0.0,0.0,0.0,3,3,0.0,Rental,Private,,
1032,x Alvah Kittredge Park,Roxbury,02119,4,2,2,3.0,1.0,2.0,1,1,0.0,Ownership/Rental,Private,,
1033,x American Legion Highway (AOP),Roslindale,02131,8,8,0,0.0,0.0,0.0,8,8,0.0,Rental,Private,,
1036,x and 120-122 Mt. Pleasant Avenue,Roxbury,02119,9,9,0,0.0,0.0,0.0,9,9,0.0,Rental,Private,,
1038,x Arbutus (YouthBuild),Dorchester,02124,2,0,2,0.0,0.0,0.0,2,0,2.0,Ownership,Private,,
1039,x Arbutus Street,Dorchester,02124,2,0,2,0.0,0.0,0.0,2,0,2.0,Ownership,Private,,
1040,x Arlington St (AOP),Hyde Park,02136,4,4,0,0.0,0.0,0.0,4,4,0.0,Rental,Private,,
1041,x Ashland St,Dorchester,02122,6,6,0,0.0,0.0,0.0,6,6,0.0,Rental,Public,,
1042,x Astoria Street (Beharry VUP),Mattapan,02126,2,2,0,0.0,0.0,0.0,2,2,0.0,Rental,Private,,
1043,x Athens St,South Boston,02127,15,0,15,13.0,0.0,13.0,2,0,2.0,Ownership,Private,,
1044,x B Street,South Boston,02127,3,0,3,2.0,0.0,2.0,1,0,1.0,Ownership,Private,,
1045,x Banton St,Dorchester,02124,18,0,18,16.0,16.0,0.0,2,2,0.0,Rental,Private,,
1046,x Batchelder St,Dorchester,02125,2,1,1,0.0,0.0,0.0,2,1,1.0,Ownership/Rental,Public,,
1047,x Beach St. Loft Condominium,Leather District,02111,44,0,44,41.0,0.0,41.0,3,0,3.0,Ownership,Private,,
1049,x Bellevue Street,Dorchester,02125,3,3,0,0.0,0.0,0.0,3,3,0.0,Rental,Private,,
1051,x Bennington St (AOP),East Boston,02128,2,2,0,0.0,0.0,0.0,2,2,0.0,Rental,Private,,
1052,x Bennington St. EBO 02128-COB,East Boston,02128,3,2,1,0.0,0.0,0.0,3,2,1.0,Ownership/Rental,Private,,
1053,x Birch Rd (RDP),West Roxbury,02122,2,1,1,0.0,0.0,0.0,2,1,1.0,Ownership/Rental,Private,,
1054,x Blackinton St (AOP),East Boston,02128,2,2,0,0.0,0.0,0.0,2,2,0.0,Rental,Private,,
1055,x Blue Hill Ave,Roxbury,02119,3,2,1,0.0,0.0,0.0,3,2,1.0,Ownership/Rental,Private,,
1056,x Blue Hill Ave (REMS buildings),Roxbury,02121,2,2,0,0.0,0.0,0.0,2,2,0.0,Rental,Private,,
1058,x Boardman St,East Boston,02128,6,6,0,0.0,0.0,0.0,6,6,0.0,Rental,Public,,
1060,x Bowdoin St,Dorchester,02124,3,3,0,0.0,0.0,0.0,3,3,0.0,Rental,Public,,
1061,x Bowdoin St (RDP),Dorchester,02121,1,0,1,0.0,0.0,0.0,1,0,1.0,Ownership,Private,,
1066,x Breed St (AOP),East Boston,02128,2,2,0,0.0,0.0,0.0,2,2,0.0,Rental,Private,,
1068,x Bremen St (AOP),East Boston,02128,3,3,0,0.0,0.0,0.0,3,3,0.0,Rental,Private,,
1069,x Broad Street,Downtown,02110,96,0,96,93.0,0.0,93.0,3,0,3.0,Ownership,Private,,
1070,x Brooks St (AOP),East Boston,02128,3,3,0,0.0,0.0,0.0,3,3,0.0,Rental,Private,,
1073,x Bushnell St,Dorchester,02124,1,0,1,0.0,0.0,0.0,1,0,1.0,Ownership,Private,,
1074,x Cambridge,Allston,02134,44,0,44,38.0,0.0,38.0,6,0,6.0,Ownership,Private,,
1075,x Cambridge St,Allston,02134,32,0,32,28.0,0.0,28.0,4,0,4.0,Ownership,Private,,
1077,x Cameron Street,Dorchester,02125,3,3,0,0.0,0.0,0.0,3,3,0.0,Rental,Private,,
1078,x Carlford Rd,Jamaica Plain,02130,2,2,0,0.0,0.0,0.0,2,2,0.0,Rental,Public,,
1079,x Catawba St - Youthbuild,Roxbury,02119,3,2,1,1.0,1.0,0.0,2,1,1.0,Ownership/Rental,Private,,
1082,x Chamblet Street,Dorchester,02125,2,1,1,0.0,0.0,0.0,2,1,1.0,Ownership/Rental,Private,,
1083,x Chaucer St (AOP),East Boston,02128,3,3,0,0.0,0.0,0.0,3,3,0.0,Rental,Private,,
1084,x Chauncy Street Condominium,Downtown,02111,33,0,33,29.0,0.0,29.0,4,0,4.0,Ownership,Private,,
1085,x Chelsea St (1-4 Program),East Boston,02128,4,0,4,0.0,0.0,0.0,4,0,4.0,Ownership,Private,,
1086,x Chelsea St (AOP),East Boston,02128,3,3,0,0.0,0.0,0.0,3,3,0.0,Rental,Private,,
1087,x Chelsea Street E. Boston - COB,East Boston,02128,3,2,1,0.0,0.0,0.0,3,2,1.0,Ownership/Rental,Private,,
1088,x Chestnut Ave (1-4 Program),Jamaica Plain,02130,2,1,1,0.0,0.0,0.0,2,1,1.0,Ownership/Rental,Private,,
1090,x Chipman St (RDP),Dorchester,02124,1,0,1,0.0,0.0,0.0,1,0,1.0,Ownership,Private,,
1091,x Clarkson St,Dorchester,02125,3,2,1,0.0,0.0,0.0,3,2,1.0,Ownership/Rental,Private,,
1092,x Clifton St,Dorchester,02125,2,2,0,0.0,0.0,0.0,2,2,0.0,Rental,Public,,
1093,x Clifton St (RDP),Roxbury,02119,2,1,1,0.0,0.0,0.0,2,1,1.0,Ownership/Rental,Private,,
1095,x Coleman St (1-4 Program),Dorchester,02125,2,1,1,0.0,0.0,0.0,2,1,1.0,Ownership/Rental,Private,,
1096,x Coleman St (REO),Dorchester,02125,3,2,1,1.0,0.0,1.0,2,2,0.0,Ownership/Rental,Private,,
1097,x Coleman Street,Dorchester,02125,1,0,1,0.0,0.0,0.0,1,0,1.0,Ownership,Private,,
1098,x Colonial Avenue E+,Dorchester,02124,4,0,4,3.0,0.0,3.0,1,0,1.0,Ownership,Private,,
1099,x Columbus Ave,Roxbury,02119,5,5,0,0.0,0.0,0.0,5,5,0.0,Rental,Private,,
1100,x Columbus Ave Conversion,South end,02116,62,0,62,54.0,0.0,54.0,8,0,8.0,Ownership,Private,,
1102,x Commercial St,North End,02109,20,0,20,18.0,0.0,18.0,2,0,2.0,Ownership ,Private,,
1107,x Corman Road Mattapan - COB,Mattapan,02126,2,1,1,1.0,0.0,1.0,1,0,1.0,Ownership,Private,,
1108,x Cranston St,Jamaica Plain,02130,1,0,1,0.0,0.0,0.0,1,0,1.0,Ownership,Private,,
1111,x D St,South Boston,02127,8,8,0,0.0,0.0,0.0,8,8,0.0,Rental,Private,,
1113,x Dacia Street,Roxbury,02125,3,2,1,0.0,0.0,0.0,3,2,1.0,Ownership/Rental,Private,,
1114,x Dale Street Condominium,Roxbury,02119,4,0,4,0.0,0.0,0.0,4,0,4.0,Ownership,Private,,
1115,x Devon Street,Dorchester,02121,3,3,0,0.0,0.0,0.0,3,3,0.0,Rental,Private,,
1116,x Dorchester Av,Dorchester,02124,64,0,64,56.0,56.0,0.0,8,8,0.0,Rental,Private,,
1117,x Dorchester Ave,Dorchester,02125,13,0,13,11.0,0.0,11.0,2,0,2.0,Ownership,Private,,
1119,x Dorchester Avenue,South Boston,02127,33,0,33,29.0,0.0,29.0,4,0,4.0,Ownership,Private,,
1121,x Dorchester St.,South Boston,02127,7,7,0,0.0,0.0,0.0,7,7,0.0,Rental,Private,,
1122,x Draper St (BuildHOME),Dorchester,02122,2,1,1,1.0,1.0,0.0,1,0,1.0,Ownership/Rental,Private,,
1123,x Dudley St (REO),Dorchester,02125,4,4,0,0.0,0.0,0.0,4,4,0.0,Rental,Private,,
1125,x Dunlap Street,Dorchester,02124,3,3,0,0.0,0.0,0.0,3,3,0.0,Rental,Private,,
1126,x Dunreath St (RDP),Roxbury,02119,3,2,1,0.0,0.0,0.0,3,2,1.0,Ownership/Rental,Private,,
1127,x E Eagle Street (AOP),East Boston,02128,3,3,0,0.0,0.0,0.0,3,3,0.0,Rental,Private,,
1128,x E Fifth Street,South Boston,02127,19,0,19,17.0,0.0,17.0,2,0,2.0,Ownership,Private,,
1129,x E Second St,South Boston,02127,16,0,16,14.0,0.0,14.0,2,0,2.0,Ownership,Private,,
1130,x E Third St,South Boston,02127,18,0,18,16.0,0.0,16.0,2,0,2.0,Ownership,Private,,
1132,x East Brookline,South End,02118,6,0,6,5.0,0.0,5.0,1,0,1.0,Ownership,Private,,
1133,x East First,South Boston,02127,28,0,28,24.0,0.0,24.0,4,0,4.0,Ownership,Private,,
1136,x East Springfield St,South End,02118,5,5,0,0.0,0.0,0.0,5,5,0.0,Rental,Private,,Y
1137,x East Third St,South Boston,02127,18,0,18,16.0,0.0,16.0,2,0,2.0,Ownership,Private,,
1138,x Elizabeth St,Mattapan,02126,6,6,0,0.0,0.0,0.0,6,6,0.0,Rental,Private,,
1139,x Ellington St,Dorchester,02121,6,6,0,0.0,0.0,0.0,6,6,0.0,Cooperative,Private,,
1140,x Elwyn Road (REO),Dorchester,02124,3,3,0,0.0,0.0,0.0,3,3,0.0,Rental,Private,,
1141,x Esmond Street,Dorchester,02121,2,1,1,1.0,1.0,0.0,1,0,1.0,Ownership/Rental,Private,,
1142,x Eustis Street,Roxbury,02119,1,0,1,0.0,0.0,0.0,1,0,1.0,Ownership,Private,,
1143,x Eutaw St (AOP),East Boston,02128,3,3,0,0.0,0.0,0.0,3,3,0.0,Rental,Private,,
1144,x Evans Street: Perry,Dorchester,02124,1,0,1,0.0,0.0,0.0,1,0,1.0,Ownership,Private,,
1145,x Everett St,East Boston,02128,19,0,19,17.0,0.0,17.0,2,0,2.0,Ownership,Private,,
1146,x Fairland St (Lee VUP),Roxbury,02119,3,2,1,1.0,0.0,1.0,2,2,0.0,Ownership/Rental,Private,,
1147,x Fairmount Ave,Hyde Park,02136,10,0,10,9.0,0.0,9.0,1,0,1.0,Ownership,Private,,
1148,x Falcon St (AOP),East Boston,02128,2,2,0,0.0,0.0,0.0,2,2,0.0,Rental,Private,,
1151,x Fottler (REMS Land),Mattapan,02126,2,1,1,0.0,0.0,0.0,2,1,1.0,Ownership/Rental,Private,,
1152,x Gaston (RDP),Roxbury,02121,1,0,1,0.0,0.0,0.0,1,0,1.0,Ownership,Private,,
1153,x Gladstone St (AOP),East Boston,02128,3,3,0,0.0,0.0,0.0,3,3,0.0,Rental,Private,,
1154,x Glendon St (AOP),East Boston,02128,3,3,0,0.0,0.0,0.0,3,3,0.0,Rental,Private,,
1155,x Glenway St,Dorchester,02121,3,2,1,0.0,0.0,0.0,3,2,1.0,Ownership/Rental,Private,,
1156,x Glenway Street,Dorchester,02121,2,1,1,0.0,0.0,0.0,2,1,1.0,Ownership/Rental,Private,,
1157,x Glenway Street (1-4),Dorchester,02121,3,2,1,0.0,0.0,0.0,3,2,1.0,Ownership/Rental,Private,,
1158,x Gordon Avenue,Hyde Park,02136,2,0,2,0.0,0.0,0.0,2,0,2.0,Ownership,Private,,
1159,x Green Street,Jamaica Plain,02130,21,0,21,18.0,0.0,18.0,3,0,3.0,Ownership,Private,,
1160,x Greenbrier St (BuildHome),Dorchester,02124,2,1,1,1.0,1.0,0.0,1,0,1.0,Ownership/Rental,Private,,
1161,x Greenwich Park*,South End,02118,5,5,0,0.0,0.0,0.0,5,5,0.0,Rental,Private,,
1162,x H Street,South Boston,02127,11,0,11,10.0,0.0,10.0,1,0,1.0,Ownership,Private,,
1165,x Harold Street,Roxbury,02119,3,3,0,0.0,0.0,0.0,3,3,0.0,Rental,Private,,
1167,x Harrison Ave Condos,South End,02118,39,0,39,36.0,0.0,36.0,3,0,3.0,Ownership,Private,,
1168,x Harrison Avenue,South End,02118,4,0,4,3.0,0.0,3.0,1,0,1.0,Ownership/Rental,Private,,
1169,x Harvard Street,Dorchester,02124,3,3,0,0.0,0.0,0.0,3,3,0.0,Rental,Private,,
1170,x Hawthorne Pl,West End,02114,480,0,480,479.0,0.0,479.0,1,0,1.0,Ownership/Rental,Private,,
1171,x Hawthorne Street,Roxbury,02119,2,1,1,0.0,0.0,0.0,2,1,1.0,Ownership/Rental,Private,,
1174,x Hendry St (REO),Dorchester,02122,3,2,1,0.0,0.0,0.0,3,2,1.0,Ownership/Rental,Private,,
1175,x Hichborn St,Brighton,02135,23,0,23,20.0,0.0,20.0,3,3,0.0,Rental,Private,,
1176,x Highland St E+,Roxbury,02119,4,0,4,3.0,0.0,3.0,1,0,1.0,Ownership,Private,,
1177,x Highland Street,Roxbury,02119,5,0,5,4.0,0.0,4.0,1,0,1.0,Ownership,Private,,
1178,x Holborn Terrace,Roxbury,02121,8,8,0,0.0,0.0,0.0,8,8,0.0,Rental,Private,,
1179,x Hollander Street,Roxbury,02121,2,1,1,0.0,0.0,0.0,2,1,1.0,Ownership/Rental,Private,,
1180,x Homes Ave Development,Dorchester,02122,1,0,1,0.0,0.0,0.0,1,0,1.0,Ownership,Private,,
1181,x Hosmer St (Lee VUP),Mattapan,02126,2,1,1,1.0,0.0,1.0,1,1,0.0,Ownership/Rental,Private,,
1183,x Howard Ave,Roxbury,02125,3,2,1,0.0,0.0,0.0,3,2,1.0,Ownership/Rental,Private,,
1184,x Huckins St,Roxbury,02119,4,4,0,0.0,0.0,0.0,4,4,0.0,Cooperative,Private,,
1185,x Hudson St (AOP),Chinatown,02111,4,0,4,0.0,0.0,0.0,4,0,4.0,Ownership,Private,,
1186,x Humboldt Avenue,Roxbury,02121,3,3,0,0.0,0.0,0.0,3,3,0.0,Rental,Private,,
1188,x Humphreys Place (AOP),Dorchester,02125,6,6,0,0.0,0.0,0.0,6,6,0.0,Rental,Private,,
1190,x Hutchings Street,Roxbury,02121,1,0,1,0.0,0.0,0.0,1,0,1.0,Ownership,Private,,
1191,x Hyde Park Ave,Roslindale,02131,8,0,8,0.0,0.0,0.0,8,0,8.0,Ownership,Private,,
1192,x Hyde Park Avenue,Roslindale,02136,2,2,0,0.0,0.0,0.0,2,2,0.0,Rental,Private,,
1193,x Intervale St (RDP),Roxbury,02121,1,0,1,0.0,0.0,0.0,1,0,1.0,Ownership,Private,,
1194,x Itasca Street,Mattapan,02126,1,0,1,0.0,0.0,0.0,1,0,1.0,Ownership,Private,,
1195,x Juniper Street,Roxbury,02119,4,3,1,1.0,1.0,0.0,3,2,1.0,Ownership/Rental,Private,,
1196,x Kingsdale St,Dorchester,02124,3,1,2,1.0,0.0,1.0,2,1,1.0,Ownership/Rental,Private,,
1198,x Landor Road,Mattapan,02126,3,3,0,0.0,0.0,0.0,3,3,0.0,Rental,Private,,
1199,x Lawnwood Place Project,Charlestown,02129,9,0,9,5.0,0.0,5.0,4,0,4.0,Ownership,Private,,
1200,x Lawrence Avenue,Dorchester,02121,3,2,1,0.0,0.0,0.0,3,2,1.0,Ownership/Rental,Private,,
1201,x Leighton Rd Foreclosed Home Sale,Hyde Park,02136,1,0,1,0.0,0.0,0.0,1,0,1.0,Ownership,Private,,
1202,x Leroy St (AOP),Dorchester,02122,3,3,0,0.0,0.0,0.0,3,3,0.0,Rental,Private,,
1203,x Levant St,Dorchester,02122,3,2,1,0.0,0.0,0.0,3,2,1.0,Ownership/Rental,Private,,
1204,x Lexington Ave (AOP),Hyde Park,02136,3,3,0,0.0,0.0,0.0,3,3,0.0,Rental,Private,,
1205,x Lexington St (1-4 Program),East Boston,02128,2,1,1,0.0,0.0,0.0,2,1,1.0,Ownership/Rental,Private,,
1206,x Lexington/92-94 Putnam (1-4),East Boston,02128,4,0,4,0.0,0.0,0.0,4,0,4.0,Ownership,Private,,
1207,x Leyden St (AOP),East Boston,02128,3,3,0,0.0,0.0,0.0,3,3,0.0,Rental,Private,,
1208,x Lorne Street,Dorchester,02124,3,3,0,0.0,0.0,0.0,3,3,0.0,Rental,Private,,
1209,x Magnolia St,Dorchester,02121,2,1,1,0.0,0.0,0.0,2,1,1.0,Ownership/Rental,Private,,
1210,x Magnolia St (RDP),Dorchester,02125,2,1,1,0.0,0.0,0.0,2,1,1.0,Ownership/Rental,Private,,
1211,x Mallon Road,Dorchester,02121,2,1,1,0.0,0.0,0.0,2,1,1.0,Ownership/Rental,Private,,
1213,x Manor St (RDP),Dorchester,02122,1,0,1,0.0,0.0,0.0,1,0,1.0,Ownership,Private,,
1214,x Marion Place,East Boston,02128,1,0,1,0.0,0.0,0.0,1,1,0.0,Ownership,Private,,
1215,x Marion St,East Boston,02128,2,1,1,0.0,0.0,0.0,2,1,1.0,Ownership/Rental,Private,,
1216,x Market St,Brighton,02135,29,0,29,25.0,0.0,25.0,4,0,4.0,Ownership,Private,,
1220,x Massachusetts Avenue,South End,02118,10,0,10,8.0,0.0,8.0,2,0,2.0,Ownership,Private,,
1221,x Maverick St,East Boston,02128,37,0,37,32.0,0.0,32.0,5,0,5.0,Ownership,Private,,
1222,x Maverick St (AOP),East Boston,02128,3,3,0,0.0,0.0,0.0,3,3,0.0,Rental,Private,,
1223,x Maywood Street,Roxbury,02119,3,2,1,1.0,0.0,1.0,2,2,0.0,Ownership/Rental,Private,,
1225,x Medford St,Charlestown,02129,3,0,3,0.0,0.0,0.0,3,0,3.0,Ownership,Private,,
1226,x Metropolitan Ave,Hyde Park,02136,6,6,0,0.0,0.0,0.0,6,6,0.0,Rental,Private,,
1227,x Milton Street,Dorchester,02124,1,0,1,0.0,0.0,0.0,1,0,1.0,Ownership,Private,,
1228,x Minden St,Jamaica Plain,02130,2,1,1,0.0,0.0,0.0,2,1,1.0,Ownership/Rental,Private,,
1229,x Minden Street,Jamaica Plain,02130,2,2,0,0.0,0.0,0.0,2,2,0.0,Rental,Private,,
1231,x Monsignor Way,Dorchester,02124,6,6,0,0.0,0.0,0.0,6,6,0.0,Rental,Private,,
1232,x Morris Street (AOP),East Boston,02128,3,3,0,0.0,0.0,0.0,3,3,0.0,Rental,Private,,
1233,x Morse Street,Dorchester,02121,6,6,0,0.0,0.0,0.0,6,6,0.0,Rental,Private,,
1234,x Mount Everett NHI,Dorchester,02125,2,1,1,0.0,0.0,0.0,2,1,1.0,Ownership/Rental,Private,,
1237,x Mt. Pleasant Avenue,Roxbury,02119,8,8,0,0.0,0.0,0.0,8,8,0.0,Rental,Private,,
1238,x Murray Ave,Roxbury,02119,2,1,1,0.0,0.0,0.0,2,1,1.0,Ownership/Rental,Private,,
1239,x Murray Ave (1-4),Roxbury,02119,2,1,1,0.0,0.0,0.0,2,1,1.0,Ownership/Rental,Private,,
1241,x N Beacon St (Condo Phase),Brighton,02135,9,0,9,8.0,0.0,8.0,1,0,1.0,Ownership,Private,,
1244,x Nelson Street,Dorchester,02124,2,1,1,0.0,0.0,0.0,2,1,1.0,Ownership/Rental,Private,,
1246,x Newbury - Virgin Records,Back Bay,02115,54,0,54,49.0,0.0,49.0,5,0,5.0,Ownership,Private,,
1247,x Nightingale Street,Dorchester,02124,3,2,1,0.0,0.0,0.0,3,2,1.0,Ownership/Rental,Private,,
1248,x Norfolk Street (RDP),Dorchester,02124,2,1,1,0.0,0.0,0.0,2,1,1.0,Ownership/Rental,Private,,
1249,x North Ave/YouthBuild,Roxbury,02119,1,1,0,0.0,0.0,0.0,1,1,0.0,Rental,Private,,
1250,x Northampton Apts,Roxbury,02118,9,9,0,0.0,0.0,0.0,9,9,0.0,Rental,Private,,
1251,x Norwell St - YouthBuild,Dorchester,02121,1,0,1,0.0,0.0,0.0,1,0,1.0,Ownership,Private,,
1252,x Norwell Street (REO/Private Acquisition),Dorchester,02121,1,0,1,0.0,0.0,0.0,1,0,1.0,Ownership,Private,,
1253,x Oak Street (AOP),Chinatown,02111,3,0,3,0.0,0.0,0.0,3,0,3.0,Ownership,Private,,
1254,x Old Colony,South Boston,02127,24,0,24,21.0,0.0,21.0,3,0,3.0,Ownership,Private,,
1256,x Orleans Street,East Boston,02128,14,0,14,12.0,0.0,12.0,2,0,2.0,Ownership,Private,,
1257,x Otisfield St (BuildHome),Roxbury,02121,1,0,1,0.0,0.0,0.0,1,0,1.0,Ownership,Private,,
1258,x Page St (James VUP),Dorchester,02121,2,2,0,0.0,0.0,0.0,2,2,0.0,Rental,Private,,
1259,x Park Drive,Fenway,02215,21,0,21,18.0,0.0,18.0,3,0,3.0,Ownership,Private,,
1260,x Park St,Dorchester,02122,2,1,1,0.0,0.0,0.0,2,1,1.0,Ownership/Rental,Private,,
1262,x Park St/YouthBuild,Dorchester,02124,1,0,1,0.0,0.0,0.0,1,0,1.0,Ownership,Private,,
1264,x Peacevale Rd,Dorchester,02124,2,1,1,0.0,0.0,0.0,2,1,1.0,Ownership/Rental,Private,,
1268,x Pleasant St,Dorchester,02125,17,0,17,15.0,0.0,15.0,2,0,2.0,Ownership,Private,,
1269,x Prescott Street,East Boston,02128,2,1,1,0.0,0.0,0.0,2,1,1.0,Ownership/Rental,Private,,
1270,x Prince St Catholic Church Property,North End,02113,57,0,57,51.0,0.0,51.0,6,0,6.0,Ownership,Private,,
1271,x Princeton St (AOP),East Boston,02128,3,3,0,0.0,0.0,0.0,3,3,0.0,Rental,Private,,
1272,x Princeton Street (1-4),East Boston,02128,3,0,3,0.0,0.0,0.0,3,0,3.0,Ownership,Private,,
1273,x Puritan Ave,Dorchester,02121,1,0,1,0.0,0.0,0.0,1,0,1.0,Ownership,Private,,
1274,x Putnam St (AOP),East Boston,02128,3,3,0,0.0,0.0,0.0,3,3,0.0,Rental,Private,,
1275,x Quincy St (REO),Roxbury,02125,3,2,1,0.0,0.0,0.0,3,2,1.0,Ownership/Rental,Private,,
1276,x Quincy Street,Dorchester,02122,3,2,1,1.0,0.0,1.0,2,2,0.0,Ownership/Rental,Private,,
1277,x Quincy Street (1-4),Roxbury,02121,3,0,3,0.0,0.0,0.0,3,0,3.0,Ownership,Private,,
1278,x Ridgewood St. (REO),Dorchester,02122,3,3,0,0.0,0.0,0.0,3,3,0.0,Rental,Private,,
1279,x Rill St (BuildHome),Dorchester,02125,2,1,1,1.0,1.0,0.0,1,0,1.0,Ownership/Rental,Private,,
1282,x River Street,Mattapan,02126,3,2,1,0.0,0.0,0.0,3,2,1.0,Ownership/Rental,Private,,
1284,x Rockland Avenue,Roxbury,02119,1,0,1,0.0,0.0,0.0,1,0,1.0,Ownership,Private,,
1285,x Rockwell Street,Dorchester,02124,1,0,1,0.0,0.0,0.0,1,0,1.0,Ownership,Private,,
1288,x Ruskindale Road,Hyde Park,02136,1,0,1,0.0,0.0,0.0,1,0,1.0,Ownership,Private,,
1289,x Rutherford Ave,Charlestown,02129,22,0,22,19.0,0.0,19.0,3,0,3.0,Ownership,Private,,
1290,x Saratoga St,East Boston,02128,3,2,1,0.0,0.0,0.0,3,2,1.0,Ownership/Rental,Private,,
1291,x Saratoga St (AOP),East Boston,02128,3,3,0,0.0,0.0,0.0,3,3,0.0,Rental,Private,,
1293,x Savin Street,Roxbury,02119,2,1,1,0.0,0.0,0.0,2,1,1.0,Ownership/Rental,Private,,
1294,x Schuyler St (BuildHome),Roxbury,02121,2,1,1,0.0,0.0,0.0,2,1,1.0,Ownership/Rental,Private,,
1295,x Seaver Street,Dorchester,02121,2,1,1,0.0,0.0,0.0,2,1,1.0,Ownership/Rental,Private,,
1296,x Selden St,Dorchester,02124,1,0,1,0.0,0.0,0.0,1,0,1.0,Ownership,Private,,
1297,x Selden St (BuildHome),Dorchester,02124,2,1,1,1.0,1.0,0.0,1,0,1.0,Ownership/Rental,Private,,
1300,x Southern Ave (Johnson VUP),Dorchester,02124,1,1,0,0.0,0.0,0.0,1,1,0.0,Rental,Private,,
1301,x Spencer St (RDP),Dorchester,02124,3,2,1,0.0,0.0,0.0,3,2,1.0,Ownership/Rental,Private,,
1302,x Spencer Street,Dorchester,02124,3,2,1,1.0,0.0,1.0,2,2,0.0,Ownership/Rental,Private,,
1305,x St Andrew Rd (AOP),East Boston,02128,3,3,0,0.0,0.0,0.0,3,3,0.0,Rental,Private,,
1306,x St. Andrew Rd (AOP),East Boston,02128,3,3,0,0.0,0.0,0.0,3,3,0.0,Rental,Private,,
1308,x Stillman St. Conodminium,North End,02113,28,0,28,25.0,0.0,25.0,3,0,3.0,Ownership,Private,,
1310,x Stoughton Neighborhood Homes,Dorchester,02125,2,1,1,0.0,0.0,0.0,2,1,1.0,Ownership/Rental,Private,,
1311,x Stratton Street,Dorchester,02124,3,2,1,0.0,0.0,0.0,3,2,1.0,Ownership/Rental,Private,,
1312,x Summit Aveue,Brighton,02135,15,0,15,14.0,0.0,14.0,1,0,1.0,Ownership,Private,,
1314,x Sumner Street [Clippership Wharf Offsite Affd],East Boston,02128,30,0,30,16.0,0.0,16.0,14,0,14.0,Ownership,Public,,
1315,x SUSSEX (RDP),Roxbury,02120,1,0,1,0.0,0.0,0.0,1,0,1.0,Ownership,Private,,
1316,x Sussex Street (RDP),Roxbury,02120,1,0,1,0.0,0.0,0.0,1,0,1.0,Ownership,Private,,
1317,x Taber St,Roxbury,02119,45,0,45,39.0,0.0,39.0,6,0,6.0,Ownership,Private,,
1318,x Tafthill Park,Roslindale,02131,19,0,19,17.0,0.0,17.0,2,0,2.0,Ownership,Private,,
1320,x Talbot Ave (REO),Dorchester,02124,4,3,1,0.0,0.0,0.0,4,3,1.0,Ownership/Rental,Private,,
1321,x Talbot Avenue,Dorchester,02124,7,7,0,0.0,0.0,0.0,7,7,0.0,Rental,Private,,
1323,x Toledo Terrace,Dorchester,02122,3,2,1,0.0,0.0,0.0,3,2,1.0,Ownership/Rental,Private,,
1324,x Tonawanda St (Johnson VUP),Dorchester,02124,1,1,0,0.0,0.0,0.0,1,1,0.0,Rental,Private,,
1325,x Topliff St (REO),Dorchester,02122,3,2,1,1.0,0.0,1.0,2,2,0.0,Ownership/Rental,Private,,
1326,x Tremlett Street,Dorchester,02124,2,1,1,1.0,1.0,0.0,1,0,1.0,Ownership/Rental,Private,,
1327,x Tremont,South End,02118,4,4,0,3.0,3.0,0.0,1,1,0.0,Rental,Private,,
1328,x Tremont St,South End,02118,7,7,0,0.0,0.0,0.0,7,7,0.0,Rental,Private,,
1334,x W Broadway,South Boston,02127,42,0,42,37.0,0.0,37.0,5,0,5.0,Ownership,Private,,
1337,x W Park St (AOP),Dorchester,02124,3,3,0,0.0,0.0,0.0,3,3,0.0,Rental,Private,,
1338,x W Second,South Boston,02127,29,0,29,25.0,0.0,25.0,4,0,4.0,Ownership,Private,,
1339,x W Second St,South Boston,02127,2,1,1,0.0,0.0,0.0,2,1,1.0,Ownership/Rental,Private,,
1340,x Walk Hill St (Johnson VUP),Mattapan,02126,3,2,1,1.0,0.0,1.0,2,2,0.0,Ownership/Rental,Private,,
1341,x Walley St,East Boston,02128,38,0,38,33.0,0.0,33.0,5,0,5.0,Ownership,Private,,
1342,x Wareham,South End,02118,18,0,18,16.0,0.0,16.0,2,0,2.0,Ownership,Private,,
1344,x Warren Street (1-4),Roxbury,02119,3,2,1,0.0,0.0,0.0,3,2,1.0,Ownership/Rental,Private,,
1345,x Warren Supportive Housing Phase 1 - Acquisition,Roxbury,02121,10,10,0,0.0,0.0,0.0,10,10,0.0,Rental,Private,,
1348,x Washington [Belvidere/Dalton East Offsites],Roxbury,02119,16,0,16,9.0,0.0,9.0,7,0,7.0,Ownership,Private,,
1352,x Washington St Lodging,Dorchester,02124,10,10,0,0.0,0.0,0.0,10,10,0.0,Rental,Private,,
1353,x Washington Street,Roslindale,02131,28,0,28,27.0,0.0,27.0,1,0,1.0,Ownership,Private,,
1354,x Washington Street Project,West Roxbury,02132,20,0,20,17.0,0.0,17.0,3,0,3.0,Ownership,Private,,
1355,x Waverly Street,Roxbury,02119,8,8,0,0.0,0.0,0.0,8,8,0.0,Rental,Private,,
1356,x Wayland St. Dorchester - COB,Roxbury,02125,3,2,1,0.0,0.0,0.0,3,2,1.0,Ownership/Rental,Private,,
1357,"x Wellesley Park, #1",Dorchester,02124,2,1,1,1.0,0.0,1.0,1,1,0.0,Ownership/Rental,Private,,
1358,x Wenhan St (RDP),Jamaica Plain,02130,2,1,1,0.0,0.0,0.0,2,1,1.0,Ownership/Rental,Private,,
1359,x Wentworth St (BuildHome),Dorchester,02124,2,1,1,1.0,1.0,0.0,1,0,1.0,Ownership/Rental,Private,,
1360,x West 7th St (BRA acq),South Boston,02127,15,0,15,0.0,0.0,0.0,15,0,15.0,Ownership,Private,,
1361,x West 7th Street,South Boston,02127,25,0,25,24.0,0.0,24.0,1,0,1.0,Ownership,Private,,
1362,x West Broadway,South Boston,02127,49,0,49,43.0,0.0,43.0,6,0,6.0,Ownership,Private,,
1363,x West Second St Condos,South Boston,02127,15,0,15,13.0,0.0,13.0,2,0,2.0,Ownership,Private,,
1364,x West Walnut Pk.,Jamaica Plain,02119,1,0,1,0.0,0.0,0.0,1,0,1.0,Ownership,Private,,
1367,x Westminister Ave,Roxbury,02119,4,0,4,0.0,0.0,0.0,4,0,4.0,Ownership,Private,,
1368,x Westminster (AOP),Hyde Park,02136,6,6,0,0.0,0.0,0.0,6,6,0.0,Rental,Private,,
1369,x Westmore Rd (BuildHome),Mattapan,02126,2,1,1,1.0,1.0,0.0,1,0,1.0,Ownership/Rental,Private,,
1370,x Wheatland Avenue,Dorchester,02124,2,1,1,0.0,0.0,0.0,2,1,1.0,Ownership/Rental,Private,,
1371,x Wildwood Street,Dorchester,02124,3,3,0,0.0,0.0,0.0,3,3,0.0,Rental,Private,,
1372,x Willow Court,Dorchester,02125,14,0,14,12.0,0.0,12.0,2,0,2.0,Ownership,Private,,
1373,x Winston Rd,Dorchester,02126,6,6,0,0.0,0.0,0.0,6,6,0.0,Rental,Private,,
1374,x Woodbine (REO),Roxbury,02119,2,0,2,0.0,0.0,0.0,2,0,2.0,Ownership,Private,,
1375,x Woodbine Street,Roxbury,02119,2,1,1,0.0,0.0,0.0,2,1,1.0,Ownership/Rental,Private,,
1376,x Woodrow Ave (James VUP),Dorchester,02124,2,1,1,1.0,0.0,1.0,1,1,0.0,Ownership/Rental,Private,,
1377,x Woodville,Roxbury,02119,2,1,1,0.0,0.0,0.0,2,1,1.0,Ownership/Rental,Private,,
1379,x Wordsworth St (AOP),East Boston,02128,3,3,0,0.0,0.0,0.0,3,3,0.0,Rental,Private,,
1380,x x Harrishof St,Roxbury,02121,3,2,1,0.0,0.0,0.0,3,2,1.0,Ownership/Rental,Private,,
1381,x Zeigler Street,Roxbury,02119,8,8,0,0.0,0.0,0.0,8,8,0.0,Rental,Private,,
1382,xx A Street,South Boston,02127,23,0,23,20.0,0.0,20.0,3,0,3.0,Ownership,Private,,
1383,xx B Street,South Boston,02127,32,0,32,28.0,0.0,28.0,4,0,4.0,Ownership,Private,,
1384,xx Blue Hill Ave,Roxbury,02119,2,2,0,0.0,0.0,0.0,2,2,0.0,Rental,Private,,
1385,xx Bowdoin St,Dorchester,02124,2,2,0,0.0,0.0,0.0,2,2,0.0,Rental,Public,,
1386,xx Chaucer St (AOP),East Boston,02128,2,2,0,0.0,0.0,0.0,2,2,0.0,Rental,Private,,
1387,xx Chelsea St (AOP),East Boston,02128,3,3,0,0.0,0.0,0.0,3,3,0.0,Rental,Private,,
1388,xx Coleman Street,Dorchester,02125,1,0,1,0.0,0.0,0.0,1,0,1.0,Ownership,Private,,
1390,xx Dorchester Ave,Dorchester,02124,6,6,0,0.0,0.0,0.0,6,6,0.0,Rental,Private,,
1391,xx Dorchester St,South Boston,02127,30,0,30,26.0,0.0,26.0,4,0,4.0,Ownership,Private,,
1393,xx Everett St,East Boston,02128,3,2,1,0.0,0.0,0.0,3,2,1.0,Ownership/Rental,Private,,
1394,xx Gladstone St (AOP),East Boston,02128,3,3,0,0.0,0.0,0.0,3,3,0.0,Rental,Private,,
1395,xx Harrison Ave,South End,02118,84,0,84,34.0,0.0,34.0,50,0,50.0,Ownership,Private,,
1396,xx Huckins St,Roxbury,02119,4,4,0,0.0,0.0,0.0,4,4,0.0,Cooperative,Private,,
1397,xx L Street,South Boston,02127,13,0,13,11.0,0.0,11.0,2,0,2.0,Ownership,Private,,
1398,xx Lexington St (1-4 Program),East Boston,02128,2,1,1,0.0,0.0,0.0,2,1,1.0,Ownership/Rental,Private,,
1399,xx Magnolia St,Dorchester,02125,2,1,1,0.0,0.0,0.0,2,1,1.0,Ownership/Rental,Private,,
1400,xx Marion St,East Boston,02128,2,1,1,0.0,0.0,0.0,2,1,1.0,Ownership/Rental,Private,,
1402,xx Maverick St,East Boston,02128,33,0,33,29.0,0.0,29.0,4,0,4.0,Ownership,Private,,
1403,xx Maywood Street,Roxbury,02119,2,1,1,0.0,0.0,0.0,2,1,1.0,Ownership/Rental,Private,,
1404,xx Nelson Street,Dorchester,02124,3,3,0,0.0,0.0,0.0,3,3,0.0,Rental,Private,,
1405,xx Old Colony Ave,South Boston,02127,14,0,14,12.0,0.0,12.0,2,0,2.0,Ownership,Private,,
1406,xx River Street,Hyde Park,02136,3,2,1,1.0,0.0,1.0,2,2,0.0,Ownership/Rental,Private,,
1407,xx Saratoga St (AOP),East Boston,02128,3,3,0,0.0,0.0,0.0,3,3,0.0,Rental,Private,,
1410,xx W Broadway,South Boston,02127,33,0,33,29.0,0.0,29.0,4,0,4.0,Ownership,Private,,
1411,xx Washington St,Jamaica Plain,02130,40,0,40,33.0,0.0,33.0,7,0,7.0,Ownership,Private,,
1412,xx Wentworth St (BuildHome),Dorchester,02124,2,1,1,1.0,1.0,0.0,1,0,1.0,Ownership/Rental,Private,,
1413,xx West Broadway,South Boston,02127,24,0,24,21.0,0.0,21.0,3,0,3.0,Ownership,Private,,
1414,xxx A Street,South Boston,02127,12,0,12,11.0,0.0,11.0,1,0,1.0,Ownership,Private,,
1416,xxx Blue Hill Ave,Roxbury,02119,3,2,1,0.0,0.0,0.0,3,1,2.0,Ownership/Rental,Private,,
1417,xxx Blue Hill Avenue,Dorchester,02121,3,3,0,0.0,0.0,0.0,3,3,0.0,Rental,Private,,
1419,xxx Clarkson St (REO),Dorchester,02125,2,1,1,0.0,0.0,0.0,2,1,1.0,Ownership/Rental,Private,,
1421,xxx Marion St,East Boston,02128,2,1,1,0.0,0.0,0.0,2,1,1.0,Ownership/Rental,Private,,
1426,xxxx Blue Hill Ave,Mattapan,02126,13,0,13,12.0,0.0,12.0,1,0,1.0,Ownership,Private,,
1427,xxxx Blue Hill Avenue,Roxbury,02119,5,0,5,0.0,0.0,0.0,5,0,5.0,Ownership,Private,,
1429,xxxx Clarkson St (REO),Dorchester,02125,3,2,1,0.0,0.0,0.0,3,2,1.0,Ownership/Rental,Private,,
1430,xxxx Saratoga Street,East Boston,02128,6,6,0,0.0,0.0,0.0,6,6,0.0,Rental,Private,,Y
1431,xxxx Washington St,Jamaica Plain,02130,3,2,1,0.0,0.0,0.0,3,2,1.0,Ownership/Rental,Private,,
1432,xxxx West Broadway,South Boston,02127,3,0,3,0.0,0.0,0.0,3,0,3.0,Ownership,Private,,
1433,xxxxx Blue Hill Ave,Dorchester,02121,4,4,0,0.0,0.0,0.0,4,4,0.0,Rental,Public,,
1434,xxxxx Clarkson St (REO),Dorchester,02125,3,2,1,1.0,0.0,1.0,2,2,0.0,Ownership/Rental,Private,,
1437,xxxxxx Washington St,Dorchester,02124,2,2,0,0.0,0.0,0.0,2,2,0.0,Rental,Private,,
1439,xxxxxxx Blue Hill Ave,Roxbury,02119,10,10,0,0.0,0.0,0.0,10,10,0.0,Rental,Public,,
1440,xxxxxxxx Blue Hill Ave,Roxbury,02119,4,4,0,0.0,0.0,0.0,4,4,0.0,Rental,Private,,
1441,YouthBuild Ruskindale Rd,Hyde Park,02136,1,0,1,0.0,0.0,0.0,1,0,1.0,Ownership,Private,,
1444,Zebra Condominium,South End,02118,10,7,3,7.0,7.0,0.0,3,0,3.0,Ownership/Rental,Private,,
