,Unnamed: 0,Project Name,Neighborhood,Zip Code,TtlProjUnits,RentUnits,OwnUnits,TtlMarket,MarketRent,MarketOwn,Total Income-Restricted,Income-Restricted Rental,Income-Restricted Ownership,Tenure,Public/ Private,Includes Senior Units?,Section 8,coordinates
0,10,Alleyne (VUP) CDFI,Roxbury,02121,3,2,1,1.0,0.0,1.0,2,2,0.0,Ownership/Rental,Private,,,"(<NA>, <NA>)"
1,18,Andrade (VUP),Dorchester,02122,3,2,1,1.0,0.0,1.0,2,2,0.0,Ownership/Rental,Private,,,"(<NA>, <NA>)"
2,19,Andrew Square Apts,South Boston,02127,9,9,0,0.0,0.0,0.0,9,9,0.0,Rental,Private,,,"(35.2802289, -81.5469111)"
3,41,Bailey (VUP),Roxbury,02121,1,1,0,0.0,0.0,0.0,1,1,0.0,Rental,Private,,,"(<NA>, <NA>)"
4,45,Baptista (VUP),Dorchester,02125,1,1,0,0.0,0.0,0.0,1,1,0.0,Rental,Private,,,"(<NA>, <NA>)"
5,50,Basilica (667-6),Charlestown,02129,5,5,0,0.0,0.0,0.0,5,5,0.0,Rental,Public,Y,,"(<NA>, <NA>)"
6,54,Bay Cove Group Homes IV,Dorchester,02125,9,9,0,1.0,1.0,0.0,8,8,0.0,Rental,Private,,,"(<NA>, <NA>)"
7,58,Beasley (VUP),Dorchester,02121,2,1,1,1.0,0.0,1.0,1,1,0.0,Ownership/Rental,Private,,,"(<NA>, <NA>)"
8,65,BHA Infill 2 - Urban Edge,Roxbury,02119,15,5,10,0.0,0.0,0.0,15,5,10.0,Ownership/Rental,Private,,,"(<NA>, <NA>)"
9,66,BHA Infill 3 - Nuestra,Roxbury,02119,10,4,6,0.0,0.0,0.0,10,4,6.0,Ownership/Rental,Private,,,"(<NA>, <NA>)"
10,76,Bird St. Estates,Roxbury,02125,8,1,7,0.0,0.0,0.0,8,1,7.0,Ownership/Rental,Private,,,"(43.18079879166667, -89.22650504166667)"
11,83,Blue Hill Commons,Roxbury,02119,8,1,7,0.0,0.0,0.0,8,1,7.0,Ownership/Rental,Private,,,"(42.207609149999996, -71.12121473225)"
12,94,Bowdoin Geneva Phase III (HOME AGAIN),Dorchester,02122,20,2,18,0.0,0.0,0.0,20,2,18.0,Ownership/Rental,Private,,,"(<NA>, <NA>)"
13,98,Bowdoin/Geneva (Phase II),Dorchester,02125,10,5,5,2.0,1.0,1.0,8,4,4.0,Ownership/Rental,Private,,,"(<NA>, <NA>)"
14,99,Bowdoin-Geneva & Dudley FTHB,Dorchester,02125,3,2,1,0.0,0.0,0.0,3,2,1.0,Ownership/Rental,Private,,,"(<NA>, <NA>)"
15,100,Bowdoin-Geneva & Dudley Rental,Roxbury,02119,3,3,0,0.0,0.0,0.0,3,3,0.0,Rental,Private,,,"(<NA>, <NA>)"
16,101,Bowen (VUP),Dorchester,02124,2,1,1,1.0,0.0,1.0,1,1,0.0,Ownership/Rental,Private,,,"(<NA>, <NA>)"
17,105,Bradlee-Fowler,Dorchester,02124,3,1,2,0.0,0.0,0.0,3,1,2.0,Ownership/Rental,Private,,,"(<NA>, <NA>)"
18,108,Brantley (VUP),Mattapan,02126,2,1,1,1.0,0.0,1.0,1,1,0.0,Ownership/Rental,Private,,,"(<NA>, <NA>)"
19,109,Braxton (VUP),Dorchester,02121,2,1,1,1.0,0.0,1.0,1,1,0.0,Ownership/Rental,Private,,,"(<NA>, <NA>)"
20,117,"Brookford, Dalin and Dean St. Homes (Julian Phase 2 HOME AGAIN)",Roxbury,02125,18,1,17,0.0,0.0,0.0,18,1,17.0,Ownership/Rental,Private,,,"(<NA>, <NA>)"
21,119,Brookview House,Dorchester,02124,8,8,0,0.0,0.0,0.0,8,8,0.0,Rental,Private,,,"(<NA>, <NA>)"
22,122,Brown (VUP),Dorchester,02121,3,2,1,1.0,0.0,1.0,2,2,0.0,Ownership/Rental,Private,,,"(<NA>, <NA>)"
23,123,"Brown, J & D (VUP)",Roxbury,02121,1,1,0,0.0,0.0,0.0,1,1,0.0,Rental,Private,,,"(<NA>, <NA>)"
24,126,Brunswick Street,Dorchester,02121,3,3,0,0.0,0.0,0.0,3,3,0.0,Rental,Private,,,"(42.311363, -71.081148)"
25,142,Callender|Floyd|Stratton NHI 1,Dorchester,02124,2,1,1,0.0,0.0,0.0,2,1,1.0,Ownership/Rental,Private,,,"(<NA>, <NA>)"
26,143,Callender|Floyd|Stratton NHI 2,Dorchester,02124,2,1,1,0.0,0.0,0.0,2,1,1.0,Ownership/Rental,Private,,,"(<NA>, <NA>)"
27,145,Callender|Floyd|Stratton NHI 4,Mattapan,02124,2,1,1,0.0,0.0,0.0,2,1,1.0,Ownership/Rental,Private,,,"(<NA>, <NA>)"
28,146,Callender|Floyd|Stratton NHI 5,Mattapan,02124,2,1,1,0.0,0.0,0.0,2,1,1.0,Ownership/Rental,Private,,,"(<NA>, <NA>)"
29,148,Callender|Floyd|Stratton NHI 7,Dorchester,02124,2,1,1,0.0,0.0,0.0,2,1,1.0,Ownership,Private,,,"(<NA>, <NA>)"
30,149,Callender|Floyd|Stratton NHI 8,Mattapan,02124,2,1,1,0.0,0.0,0.0,2,1,1.0,Ownership/Rental,Private,,,"(<NA>, <NA>)"
31,151,Callender|Tucker NHI 1,Dorchester,02124,2,1,1,0.0,0.0,0.0,2,1,1.0,Ownership,Private,,,"(<NA>, <NA>)"
32,152,Callender|Tucker NHI 2,Dorchester,02124,2,1,1,0.0,0.0,0.0,2,1,1.0,Ownership/Rental,Private,,,"(<NA>, <NA>)"
33,153,Callender|Tucker NHI 3,Dorchester,02124,2,1,1,0.0,0.0,0.0,2,1,1.0,Ownership,Private,,,"(<NA>, <NA>)"
34,154,Callender|Tucker NHI 4,Dorchester,02124,2,1,1,0.0,0.0,0.0,2,1,1.0,Ownership,Private,,,"(<NA>, <NA>)"
35,158,Cardella (VUP),South Boston,02127,2,1,1,0.0,0.0,0.0,2,1,1.0,Ownership/Rental,Private,,,"(<NA>, <NA>)"
36,166,Carroll (VUP),Roxbury,02125,2,1,1,1.0,0.0,1.0,1,1,0.0,Ownership/Rental,Private,,,"(<NA>, <NA>)"
37,167,Carvalho (VUP),Dorchester,02122,2,2,0,0.0,0.0,0.0,2,2,0.0,Rental,Private,,,"(<NA>, <NA>)"
38,168,Cary Cottage,Roxbury,02119,10,10,0,0.0,0.0,0.0,10,10,0.0,Rental,Private,,,"(<NA>, <NA>)"
39,169,Casa Familias Unidas,Roxbury,02119,9,9,0,0.0,0.0,0.0,9,9,0.0,Rental,Private,,,"(<NA>, <NA>)"
40,171,Casa Nueva Vida,Jamaica Plain,02130,7,7,0,0.0,0.0,0.0,7,7,0.0,Rental,Private,,,"(<NA>, <NA>)"
41,181,Chaisson (VUP),Dorchester,02125,2,1,1,1.0,0.0,1.0,1,1,0.0,Ownership/Rental,Private,,,"(<NA>, <NA>)"
42,196,Chestnut Avenue (p/o Self Help Apts),Jamaica Plain,02130,3,3,0,0.0,0.0,0.0,3,3,0.0,Rental,Private,,,"(<NA>, <NA>)"
43,212,Columbia Road/Lighthouse,Dorchester,02125,4,4,0,0.0,0.0,0.0,4,4,0.0,Rental,Private,,,"(<NA>, <NA>)"
44,221,Condor-Havre Garden Apartments,East Boston,02128,7,7,0,0.0,0.0,0.0,7,7,0.0,Rental,Private,,,"(<NA>, <NA>)"
45,235,Crawford House Apts,Roxbury,02121,9,9,0,0.0,0.0,0.0,9,9,0.0,Rental,Private,,Y,"(<NA>, <NA>)"
46,242,DaRosa (VUP),Dorchester,02122,1,1,0,0.0,0.0,0.0,1,1,0.0,Rental,Private,,,"(<NA>, <NA>)"
47,246,Davis (VUP),Roxbury,02125,2,2,0,0.0,0.0,0.0,2,2,0.0,Rental,Private,,,"(<NA>, <NA>)"
48,248,DeMarco (VUP),East Boston,02128,2,1,1,1.0,0.0,1.0,1,1,0.0,Ownership/Rental,Private,,,"(<NA>, <NA>)"
49,251,DiGirolamo (VUP),East Boston,02128,2,1,1,1.0,0.0,1.0,1,1,0.0,Ownership/Rental,Private,,,"(<NA>, <NA>)"
50,252,Dillon (VUP),Dorchester,02122,2,1,1,1.0,0.0,1.0,1,1,0.0,Ownership/Rental,Private,,,"(<NA>, <NA>)"
51,255,Disilvio (VUP),East Boston,02128,2,1,1,1.0,0.0,1.0,1,1,0.0,Ownership/Rental,Private,,,"(<NA>, <NA>)"
52,259,Domicilia I & II,Dorchester,02122,10,10,0,0.0,0.0,0.0,10,10,0.0,Rental,Private,Y,Y,"(<NA>, <NA>)"
53,260,Domicilia III,Jamaica Plain,02130,8,8,0,0.0,0.0,0.0,8,8,0.0,Rental,Private,,Y,"(<NA>, <NA>)"
54,270,Dumas|Mascot Neighborhood Homes,Dorchester,02124,7,3,4,2.0,1.0,1.0,5,2,3.0,Ownership/Rental,Private,,,"(<NA>, <NA>)"
55,271,Dunmore Place,Roxbury,02119,6,6,0,0.0,0.0,0.0,6,6,0.0,Rental,Private,,,"(38.7364948, -90.6513202)"
56,272,Dwight St Apts,South End,02118,9,9,0,0.0,0.0,0.0,9,9,0.0,Rental,Private,,,"(<NA>, <NA>)"
57,287,Elven Road,Roslindale,02131,8,3,5,0.0,0.0,0.0,8,3,5.0,Ownership/Rental,Private,,,"(42.2934019, -71.1199176)"
58,289,Epps (VUP),Dorchester,02121,2,1,1,1.0,0.0,1.0,1,1,0.0,Ownership/Rental,Private,,,"(<NA>, <NA>)"
59,303,FDIC Scattered Site Condo Project,Brighton,02135,9,4,5,0.0,0.0,0.0,9,4,5.0,Ownership/Rental,Private,,,"(<NA>, <NA>)"
60,308,Fenwick Gardens - Home Again,Dorchester,02125,15,1,14,0.0,0.0,0.0,15,1,14.0,Ownership/Rental,Private,,,"(<NA>, <NA>)"
61,309,Fernald State School (689-?),Dorchester,02125,8,8,0,0.0,0.0,0.0,8,8,0.0,Rental,Public,,,"(<NA>, <NA>)"
62,316,Ford (VUP),Mattapan,02126,3,2,1,1.0,0.0,1.0,2,2,0.0,Ownership/Rental,Private,,,"(<NA>, <NA>)"
63,321,Forest|Vine NHI 1,Roxbury,02119,5,2,3,0.0,0.0,0.0,5,2,3.0,Ownership/Rental,Private,,,"(<NA>, <NA>)"
64,325,Foster (VUP),Roxbury,02121,2,1,1,1.0,0.0,1.0,1,1,0.0,Ownership/Rental,Private,,,"(<NA>, <NA>)"
65,330,Franklin Field South/Highland Pk Estates,Dorchester,02124,22,4,18,0.0,0.0,0.0,22,4,18.0,Ownership/Rental,Private,,,"(<NA>, <NA>)"
66,331,Franklin Fld South II - HOME AGAIN,Dorchester,02124,23,1,22,0.0,0.0,0.0,23,1,22.0,Ownership/Rental,Private,,,"(<NA>, <NA>)"
67,338,Friend's House,Jamaica Plain,02130,9,9,0,0.0,0.0,0.0,9,9,0.0,Rental,Private,,,"(<NA>, <NA>)"
68,344,Garrison Trotter Phase I - HOME AGAIN,Roxbury,02121,18,2,16,6.0,0.0,6.0,12,2,10.0,Ownership/Rental,Private,,,"(<NA>, <NA>)"
69,355,Gleason Street MIHI Package 2,Dorchester,02121,8,8,0,0.0,0.0,0.0,8,8,0.0,Rental,Private,,,"(<NA>, <NA>)"
70,357,Glenway|Roxton NHI,Dorchester,02121,6,3,3,0.0,0.0,0.0,6,3,3.0,Ownership/Rental,Private,,,"(<NA>, <NA>)"
71,359,Gomes (VUP),Dorchester,02124,1,1,0,0.0,0.0,0.0,1,1,0.0,Rental,Private,,,"(<NA>, <NA>)"
72,360,Goodale Rd. - HOME AGAIN,Mattapan,02126,10,5,5,0.0,0.0,0.0,10,5,5.0,Ownership/Rental,Private,,,"(<NA>, <NA>)"
73,375,Green (VUP),Dorchester,02121,2,1,1,1.0,0.0,1.0,1,1,0.0,Ownership/Rental,Private,,,"(<NA>, <NA>)"
74,376,Green (VUP) CDFI,Dorchester,02121,2,1,1,1.0,0.0,1.0,1,1,0.0,Ownership/Rental,Private,,,"(<NA>, <NA>)"
75,379,Grubow (VUP),Mattapan,02126,2,1,1,1.0,0.0,1.0,1,1,0.0,Ownership/Rental,Private,,,"(<NA>, <NA>)"
76,380,Guaetta (VUP),East Boston,02128,2,1,1,1.0,0.0,1.0,1,1,0.0,Ownership/Rental,Private,,,"(<NA>, <NA>)"
77,386,Habitat Woodbine St,Roxbury,02119,2,1,1,0.0,0.0,0.0,2,1,1.0,Ownership/Rental,Private,,,"(<NA>, <NA>)"
78,394,Haraska (VUP),Dorchester,02122,2,1,1,1.0,0.0,1.0,1,1,0.0,Ownership/Rental,Private,,,"(<NA>, <NA>)"
79,397,Hargrove (VUP),Roxbury,02119,3,2,1,1.0,0.0,1.0,2,2,0.0,Ownership/Rental,Private,,,"(<NA>, <NA>)"
80,398,Harrison Commons,South End,02118,196,9,187,186.0,0.0,186.0,10,9,1.0,Ownership/Rental,Private,,,"(<NA>, <NA>)"
81,410,Hiawatha|Mattapan Neighborhood Homes,Mattapan,02126,8,2,6,2.0,1.0,1.0,6,1,5.0,Ownership,Private,,,"(<NA>, <NA>)"
82,414,Highland Park Estates - Home Again,Roxbury,02119,6,1,5,0.0,0.0,0.0,6,1,5.0,Ownership/Rental,Private,,,"(<NA>, <NA>)"
83,415,Highland Park II (Affordable),Roxbury,02119,11,1,10,3.0,0.0,3.0,8,1,7.0,Ownership/Rental,Private,,,"(<NA>, <NA>)"
84,418,Hoffman (VUP) CDFI,Dorchester,02124,2,1,1,1.0,0.0,1.0,1,1,0.0,Ownership/Rental,Private,,,"(<NA>, <NA>)"
85,420,Holmes (VUP),Dorchester,02121,2,2,0,1.0,1.0,0.0,1,1,0.0,Rental,Private,,,"(<NA>, <NA>)"
86,421,Home Again (Back of the Hill),Mission Hill,02120,22,6,16,0.0,0.0,0.0,22,6,16.0,Ownership/Rental,Private,,,"(<NA>, <NA>)"
87,424,Homestead House,Roxbury,02121,6,6,0,1.0,1.0,0.0,5,5,0.0,Rental,Private,,,"(52.4396754, -1.4668099)"
88,427,Hopkins-Capen-Mountain-Fuller,Dorchester,02124,9,5,4,0.0,0.0,0.0,9,5,4.0,Ownership/Rental,Private,,,"(<NA>, <NA>)"
89,428,Horizons I,Mattapan,02126,7,7,0,1.0,1.0,0.0,6,6,0.0,Rental,Public,,,"(-40.3300357, 175.6970234)"
90,436,Hunt (VUP),Dorchester,02121,2,2,0,0.0,0.0,0.0,2,2,0.0,Rental,Private,,,"(<NA>, <NA>)"
91,438,Hurley (VUP),Dorchester,02122,2,1,1,1.0,0.0,1.0,1,1,0.0,Ownership/Rental,Private,,,"(<NA>, <NA>)"
92,441,Hyde/Jackson Homes,Jamaica Plain,02130,13,2,11,0.0,0.0,0.0,13,2,11.0,Ownership/Rental,Private,,,"(<NA>, <NA>)"
93,444,Independent Living Project,Hyde Park,02136,6,6,0,0.0,0.0,0.0,6,6,0.0,Rental,Private,,,"(<NA>, <NA>)"
94,449,Infill I (MHFA) ?,Dorchester,02124,8,8,0,0.0,0.0,0.0,8,8,0.0,Rental,Public,,,"(<NA>, <NA>)"
95,450,Ingram (VUP),Roxbury,02121,3,2,1,1.0,0.0,1.0,2,2,0.0,Ownership/Rental,Private,,,"(<NA>, <NA>)"
96,455,Intervale St. HOME AGAIN,Dorchester,02121,15,2,13,0.0,0.0,0.0,15,2,13.0,Ownership/Rental,Private,,,"(<NA>, <NA>)"
97,456,Intervale-Fayston,Dorchester,02121,5,3,2,0.0,0.0,0.0,5,3,2.0,Ownership/Rental,Private,,,"(<NA>, <NA>)"
98,460,Jackson (VUP),Dorchester,02124,2,1,1,1.0,0.0,1.0,1,1,0.0,Ownership/Rental,Private,,,"(<NA>, <NA>)"
99,467,Johnson (VUP) CDFI,Dorchester,02121,2,1,1,1.0,0.0,1.0,1,1,0.0,Ownership/Rental,Private,,,"(<NA>, <NA>)"
100,470,Julian Phase I - HOME AGAIN,Roxbury,02119,13,2,11,0.0,0.0,0.0,13,2,11.0,Ownership/Rental,Private,,,"(<NA>, <NA>)"
101,471,KAFANM - Circle of Haitian Women (aka Women's Institute),Dorchester,02124,6,6,0,0.0,0.0,0.0,6,6,0.0,Rental,Private,,,"(<NA>, <NA>)"
102,473,Keazer (VUP),Dorchester,02124,2,1,1,1.0,0.0,1.0,1,1,0.0,Ownership/Rental,Private,,,"(<NA>, <NA>)"
103,474,Kelley (VUP),Jamaica Plain,02119,2,1,1,1.0,0.0,1.0,1,1,0.0,Ownership/Rental,Private,,,"(<NA>, <NA>)"
104,476,Ketchen (VUP),Roxbury,02119,2,1,1,1.0,0.0,1.0,1,1,0.0,Ownership/Rental,Private,,,"(<NA>, <NA>)"
105,478,Kimbrough (VUP),Dorchester,02124,2,1,1,1.0,0.0,1.0,1,1,0.0,Ownership/Rental,Private,,,"(<NA>, <NA>)"
106,483,Lamartine Homes - Home Again,Jamaica Plain,02130,10,2,8,0.0,0.0,0.0,10,2,8.0,Ownership/Rental,Private,,,"(<NA>, <NA>)"
107,488,Laramie (VUP),Hyde Park,02136,2,1,1,1.0,0.0,1.0,1,1,0.0,Rental,Private,,,"(<NA>, <NA>)"
108,489,Larchmont Residence,Dorchester,02124,8,8,0,0.0,0.0,0.0,8,8,0.0,Rental,Private,,,"(39.756723, -84.257029)"
109,490,Larkin (VUP),Jamaica Plain,02130,1,1,0,0.0,0.0,0.0,1,1,0.0,Rental,Private,,,"(<NA>, <NA>)"
110,492,Lawrence (VUP),Dorchester,02121,2,1,1,1.0,0.0,1.0,1,1,0.0,Ownership/Rental,Private,,,"(<NA>, <NA>)"
111,513,Lucky Strike Residential Project,Dorchester,02122,22,3,19,19.0,0.0,19.0,3,3,0.0,Ownership/Rental,Private,,,"(<NA>, <NA>)"
112,514,Luis (VUP),Dorchester,02124,2,1,1,1.0,0.0,1.0,1,1,0.0,Ownership/Rental,Private,,,"(<NA>, <NA>)"
113,517,M Walsh (VUP),Dorchester,02122,2,2,0,0.0,0.0,0.0,2,2,0.0,Rental,Private,,,"(<NA>, <NA>)"
114,520,M.R. Smith (VUP),Mattapan,02126,2,1,1,1.0,0.0,1.0,1,1,0.0,Ownership/Rental,Private,,,"(<NA>, <NA>)"
115,529,Manganello (VUP),East Boston,02128,2,1,1,1.0,0.0,1.0,1,1,0.0,Ownership/Rental,Private,,,"(<NA>, <NA>)"
116,533,Marriro (VUP) CDFI,Roxbury,02121,3,2,1,1.0,0.0,1.0,2,2,0.0,Ownership/Rental,Private,,,"(<NA>, <NA>)"
117,534,Martinex-Alamo (VUP),Roxbury,02125,3,2,1,1.0,0.0,1.0,2,2,0.0,Ownership/Rental,Private,,,"(<NA>, <NA>)"
118,547,Mendes (VUP),Dorchester,02125,3,2,1,1.0,0.0,1.0,2,2,0.0,Ownership/Rental,Private,,,"(<NA>, <NA>)"
119,548,Meranda (VUP),Dorchester,02121,2,1,1,1.0,0.0,1.0,1,1,0.0,Ownership/Rental,Private,,,"(<NA>, <NA>)"
120,554,MHPI Community Apartments,Mission Hill,02120,6,6,0,0.0,0.0,0.0,6,6,0.0,Rental,Private,,,"(<NA>, <NA>)"
121,557,MHPI IV-A,Jamaica Plain,02130,10,10,0,0.0,0.0,0.0,10,10,0.0,Rental,Private,,Y,"(<NA>, <NA>)"
122,558,MHPI IV-B,Roxbury,02119,10,10,0,0.0,0.0,0.0,10,10,0.0,Rental,Private,,Y,"(<NA>, <NA>)"
123,564,Miller (VUP),Dorchester,02122,1,1,0,0.0,0.0,0.0,1,1,0.0,Rental,Private,,,"(<NA>, <NA>)"
124,570,Mission Hill Phase I - HOME AGAIN,Mission Hill,02120,22,6,16,0.0,0.0,0.0,22,6,16.0,Ownership/Rental,Private,,,"(<NA>, <NA>)"
125,573,Mission Hill-Phase III - Home Again,Mission Hill,02120,24,6,18,0.0,0.0,0.0,24,6,18.0,Ownership/Rental,Private,,,"(<NA>, <NA>)"
126,582,Montebello Rd Coop,Jamaica Plain,02130,7,7,0,0.0,0.0,0.0,7,7,0.0,Cooperative,Private,,,"(<NA>, <NA>)"
127,583,Moore (VUP),Mattapan,02126,2,1,1,1.0,0.0,1.0,1,1,0.0,Ownership/Rental,Private,,,"(<NA>, <NA>)"
128,593,Mt. Bowdoin/Erie Ellington - HOME AGAIN,Dorchester,02121,16,6,10,0.0,0.0,0.0,16,6,10.0,Ownership/Rental,Private,,,"(<NA>, <NA>)"
129,594,Munevar (VUP),Jamaica Plain,02130,3,2,1,1.0,0.0,1.0,2,2,0.0,Ownership/Rental,Private,,,"(<NA>, <NA>)"
130,613,Norflett (VUP),Dorchester,02121,2,1,1,1.0,0.0,1.0,1,1,0.0,Ownership/Rental,Private,,,"(<NA>, <NA>)"
131,614,Norfolk Street Transitional,Mattapan,02126,3,3,0,0.0,0.0,0.0,3,3,0.0,Rental,Private,,,"(<NA>, <NA>)"
132,621,Norwell Whitfield (HOME AGAIN),Dorchester,02124,20,2,18,0.0,0.0,0.0,20,2,18.0,Ownership/Rental,Private,,,"(<NA>, <NA>)"
133,629,Oliveira (VUP),Dorchester,02125,2,1,1,1.0,0.0,1.0,1,1,0.0,Ownership/Rental,Private,,,"(<NA>, <NA>)"
134,647,Owens (VUP),Dorchester,02121,2,2,0,0.0,0.0,0.0,2,2,0.0,Rental,Private,,,"(<NA>, <NA>)"
135,667,Parry (VUP),Roxbury,02121,2,2,0,0.0,0.0,0.0,2,2,0.0,Rental,Private,,,"(<NA>, <NA>)"
136,669,Pass (VUP),Dorchester,02124,2,1,1,1.0,0.0,1.0,1,1,0.0,Ownership/Rental,Private,,,"(<NA>, <NA>)"
137,671,Patrick (VUP),Mattapan,02126,2,1,1,1.0,0.0,1.0,1,1,0.0,Ownership/Rental,Private,,,"(<NA>, <NA>)"
138,677,Pereira (VUP),Dorchester,02125,2,1,1,1.0,0.0,1.0,1,1,0.0,Ownership/Rental,Private,,,"(<NA>, <NA>)"
139,678,Perkins (VUP),Mattapan,02126,2,1,1,1.0,0.0,1.0,1,1,0.0,Ownership/Rental,Private,,,"(<NA>, <NA>)"
140,680,Peters (VUP),Dorchester,02121,2,1,1,1.0,0.0,1.0,1,1,0.0,Ownership/Rental,Private,,,"(<NA>, <NA>)"
141,686,Pinnock (VUP),Mattapan,02126,2,1,1,1.0,0.0,1.0,1,1,0.0,Ownership/Rental,Private,,,"(<NA>, <NA>)"
142,689,Portis Family House,Jamaica Plain,02115,7,7,0,0.0,0.0,0.0,7,7,0.0,Rental,Private,,,"(<NA>, <NA>)"
143,690,Powell (VUP),Roxbury,02121,2,1,1,1.0,0.0,1.0,1,1,0.0,Ownership/Rental,Private,,,"(<NA>, <NA>)"
144,693,Putnam Place,Roxbury,02121,9,1,8,2.0,0.0,2.0,7,1,6.0,Ownership/Rental,Private,,,"(42.3303466, -71.0880983)"
145,699,Raven-Ramsey-Folsom,Dorchester,02125,7,4,3,1.0,0.0,1.0,6,3,3.0,Ownership/Rental,Private,,,"(<NA>, <NA>)"
146,700,Reddick (VUP),Roxbury,02119,2,1,1,1.0,0.0,1.0,1,1,0.0,Ownership/Rental,Private,,,"(<NA>, <NA>)"
147,709,RMSC Family House Shelter Conversion,Dorchester,02121,8,8,0,0.0,0.0,0.0,8,8,0.0,Rental,Private,,,"(<NA>, <NA>)"
148,711,Robinson (VUP),Dorchester,02121,2,1,1,1.0,0.0,1.0,1,1,0.0,Ownership/Rental,Private,,,"(<NA>, <NA>)"
149,716,Rodrigues (VUP),Jamaica Plain,02130,2,2,0,1.0,1.0,0.0,1,1,0.0,Rental,Private,,,"(<NA>, <NA>)"
150,731,Rutland Square,South End,02118,5,5,0,0.0,0.0,0.0,5,5,0.0,Rental,Private,,,"(42.3415904, -71.0780189)"
151,734,Safe Haven,Back Bay,02116,6,6,0,0.0,0.0,0.0,6,6,0.0,Rental,Private,,,"(<NA>, <NA>)"
152,738,Sargent Street Homes - Home Again,Roxbury,02125,16,5,11,0.0,0.0,0.0,16,5,11.0,Ownership/Rental,Private,,,"(<NA>, <NA>)"
153,747,SECD Housing,Roxbury,02118,10,10,0,0.0,0.0,0.0,10,10,0.0,Rental,Private,,Y,"(<NA>, <NA>)"
154,756,Singleton (VUP),East Boston,02128,2,1,1,1.0,0.0,1.0,1,1,0.0,Ownership/Rental,Private,,,"(<NA>, <NA>)"
155,757,Siochain II,East Boston,02128,6,6,0,0.0,0.0,0.0,6,6,0.0,Rental,Private,,,"(<NA>, <NA>)"
156,762,"Smith, Steven (VUP)",Dorchester,02121,1,1,0,0.0,0.0,0.0,1,1,0.0,Rental,Private,,,"(<NA>, <NA>)"
157,763,Soares (VUP),Roxbury,02125,1,1,0,0.0,0.0,0.0,1,1,0.0,Rental,Private,,,"(<NA>, <NA>)"
158,773,SOUTH END APARTMENTS RENOVATION PROJECT,Roxbury,02118,5,5,0,0.0,0.0,0.0,5,5,0.0,Rental,Private,,,"(<NA>, <NA>)"
159,774,South End CHC,South End,02118,60,2,58,54.0,0.0,54.0,6,2,4.0,Ownership/Rental,Private,,,"(<NA>, <NA>)"
160,790,St John of God - Market & Clergy,Brighton,02135,92,8,84,84.0,0.0,84.0,8,8,0.0,Ownership/Rental,Private,,,"(<NA>, <NA>)"
161,796,Stanwood Homes - Home Again,Dorchester,02121,19,7,12,0.0,0.0,0.0,19,7,12.0,Ownership/Rental,Private,,,"(<NA>, <NA>)"
162,797,Stille (VUP),South Boston,02127,2,1,1,1.0,0.0,1.0,1,1,0.0,Ownership/Rental,Private,,,"(<NA>, <NA>)"
163,803,Sullivan (VUP),Dorchester,02121,1,1,0,0.0,0.0,0.0,1,1,0.0,Rental,Private,,,"(<NA>, <NA>)"
164,815,Suppressed18,Dorchester,02122,4,4,0,0.0,0.0,0.0,4,4,0.0,Rental,Private,,,"(<NA>, <NA>)"
165,816,Suppressed19,Dorchester,02122,6,6,0,0.0,0.0,0.0,6,6,0.0,Rental,Private,,,"(<NA>, <NA>)"
166,818,Suppressed20,Dorchester,02125,6,6,0,0.0,0.0,0.0,6,6,0.0,Rental,Private,,,"(<NA>, <NA>)"
167,819,Suppressed21,South End,02118,3,3,0,0.0,0.0,0.0,3,3,0.0,Rental,Private,,,"(<NA>, <NA>)"
168,821,Suppressed23,Dorchester,02124,4,4,0,0.0,0.0,0.0,4,4,0.0,Rental,Private,,,"(<NA>, <NA>)"
169,822,Suppressed24,Dorchester,02124,5,5,0,0.0,0.0,0.0,5,5,0.0,Rental,Private,,,"(<NA>, <NA>)"
170,826,Suppressed28,Jamaica Plain,02130,6,6,0,0.0,0.0,0.0,6,6,0.0,Rental,Private,,,"(<NA>, <NA>)"
171,827,Suppressed29,Mattapan,02126,8,8,0,0.0,0.0,0.0,8,8,0.0,Rental,Private,,,"(<NA>, <NA>)"
172,836,Suppressed4,Dorchester,02125,9,9,0,1.0,1.0,0.0,8,8,0.0,Rental,Private,,Y,"(<NA>, <NA>)"
173,838,Suppressed6,West Roxbury,02132,4,4,0,0.0,0.0,0.0,4,4,0.0,Rental,Private,,,"(<NA>, <NA>)"
174,841,Suppressed9,Roxbury,02119,9,9,0,0.0,0.0,0.0,9,9,0.0,Rental,Private,,,"(<NA>, <NA>)"
175,853,Tate (VUP),Dorchester,02124,2,1,1,0.0,0.0,0.0,2,1,1.0,Ownership/Rental,Private,,,"(<NA>, <NA>)"
176,857,Tebroc Levant (HOME AGAIN),Dorchester,02124,5,1,4,0.0,0.0,0.0,5,1,4.0,Ownership/Rental,Private,,,"(<NA>, <NA>)"
177,859,Ten Most Wanted - 1,Dorchester,02121,3,2,1,0.0,0.0,0.0,3,2,1.0,Ownership/Rental,Private,,,"(<NA>, <NA>)"
178,860,Ten Most Wanted - 10,Roxbury,02125,3,2,1,0.0,0.0,0.0,3,2,1.0,Ownership/Rental,Private,,,"(<NA>, <NA>)"
179,861,Ten Most Wanted - 11,Dorchester,02121,2,1,1,0.0,0.0,0.0,2,1,1.0,Ownership/Rental,Private,,,"(<NA>, <NA>)"
180,863,Ten Most Wanted - 13,Roxbury,02119,2,1,1,0.0,0.0,0.0,2,1,1.0,Ownership/Rental,Private,,,"(<NA>, <NA>)"
181,864,Ten Most Wanted - 14,Dorchester,02124,2,1,1,0.0,0.0,0.0,2,1,1.0,Ownership/Rental,Private,,,"(<NA>, <NA>)"
182,866,Ten Most Wanted - 2,Mattapan,02126,2,1,1,0.0,0.0,0.0,2,1,1.0,Ownership/Rental,Private,,,"(<NA>, <NA>)"
183,867,Ten Most Wanted - 3,Roxbury,02119,4,2,2,0.0,0.0,0.0,4,2,2.0,Ownership/Rental,Private,,,"(<NA>, <NA>)"
184,868,Ten Most Wanted - 4,Dorchester,02122,2,1,1,0.0,0.0,0.0,2,1,1.0,Ownership/Rental,Private,,,"(<NA>, <NA>)"
185,869,Ten Most Wanted - 5,Dorchester,02121,2,1,1,0.0,0.0,0.0,2,1,1.0,Ownership/Rental,Private,,,"(<NA>, <NA>)"
186,870,Ten Most Wanted - 6,Dorchester,02121,2,1,1,0.0,0.0,0.0,2,1,1.0,Ownership/Rental,Private,,,"(<NA>, <NA>)"
187,871,Ten Most Wanted - 7,Dorchester,02124,2,1,1,0.0,0.0,0.0,2,1,1.0,Ownership,Private,,,"(<NA>, <NA>)"
188,872,Ten Most Wanted - 8,Dorchester,02121,3,2,1,2.0,2.0,0.0,1,0,1.0,Ownership,Private,,,"(<NA>, <NA>)"
189,873,Ten Most Wanted - 9,Dorchester,02121,2,1,1,0.0,0.0,0.0,2,1,1.0,Ownership/Rental,Private,,,"(<NA>, <NA>)"
190,875,Thane St Apts,Dorchester,02124,6,6,0,0.0,0.0,0.0,6,6,0.0,Rental,Private,,Y,"(<NA>, <NA>)"
191,884,The Bulfinch,Mission Hill,02120,5,5,0,0.0,0.0,0.0,5,5,0.0,Ownership,Private,,,"(<NA>, <NA>)"
192,902,The Mt Vernon,Allston,02134,7,7,0,5.0,5.0,0.0,2,2,0.0,Rental,Private,,,"(48.43689105, -122.33317760334165)"
193,915,Thetford-Dyer Neighborhood Homes,Dorchester,02124,16,7,9,6.0,6.0,0.0,10,4,6.0,Ownership/Rental,Private,,,"(<NA>, <NA>)"
194,926,Trull/Ware Homes,Dorchester,02125,4,1,3,0.0,0.0,0.0,4,1,3.0,Ownership/Rental,Private,,,"(<NA>, <NA>)"
195,940,Valenchuck (VUP),Dorchester,02122,2,2,0,0.0,0.0,0.0,2,2,0.0,Rental,Private,,,"(<NA>, <NA>)"
196,942,Vet Step Up,Roxbury,02121,10,10,0,0.0,0.0,0.0,10,10,0.0,Rental,Private,,,"(<NA>, <NA>)"
197,947,Victory House,South End,02118,6,6,0,0.0,0.0,0.0,6,6,0.0,Rental,Private,,,"(52.4351632, -1.4988662)"
198,948,Viet-AID,Dorchester,02122,6,6,0,0.0,0.0,0.0,6,6,0.0,Rental,Private,,,"(<NA>, <NA>)"
199,951,Vines (VUP) CDFI,Dorchester,02121,2,2,0,0.0,0.0,0.0,2,2,0.0,Rental,Private,,,"(<NA>, <NA>)"
200,969,Warren St Nursing Home,Roxbury,02121,9,9,0,0.0,0.0,0.0,9,9,0.0,Rental,Private,,,"(<NA>, <NA>)"
201,981,Watson (VUP),Dorchester,02124,2,2,0,0.0,0.0,0.0,2,2,0.0,Rental,Private,,,"(<NA>, <NA>)"
202,983,Waverly Homes II,Roxbury,02125,9,2,7,0.0,0.0,0.0,9,2,7.0,Ownership/Rental,Private,,,"(<NA>, <NA>)"
203,991,Wellington Hill Phase I,Dorchester,02126,23,9,14,0.0,0.0,0.0,23,9,14.0,Ownership/Rental,Private,,,"(<NA>, <NA>)"
204,992,Wellington Hill Phase II,Mattapan,02126,8,3,5,0.0,0.0,0.0,8,3,5.0,Ownership/Rental,Private,,,"(<NA>, <NA>)"
205,993,Welsh (VUP),Brighton,02135,1,1,0,0.0,0.0,0.0,1,1,0.0,Rental,Private,,,"(<NA>, <NA>)"
206,996,West Fenway Elderly,South End,02118,5,5,0,0.0,0.0,0.0,5,5,0.0,Rental,Private,Y,,"(<NA>, <NA>)"
207,999,West Roxbury Residences,West Roxbury,02132,4,4,0,0.0,0.0,0.0,4,4,0.0,Rental,Private,,,"(<NA>, <NA>)"
208,1008,Williams (VUP),Roxbury,02119,2,1,1,1.0,0.0,1.0,1,1,0.0,Ownership/Rental,Private,,,"(<NA>, <NA>)"
209,1009,Willowwood|Hildreth NHI,Dorchester,02124,8,4,4,0.0,0.0,0.0,8,4,4.0,Ownership/Rental,Private,,,"(<NA>, <NA>)"
210,1011,Winslow Court,Roxbury,02119,24,5,19,0.0,0.0,0.0,24,5,19.0,Ownership/Rental,Private,,,"(38.7168202, -90.2931994)"
211,1013,Wood (VUP),Dorchester,02124,1,1,0,0.0,0.0,0.0,1,1,0.0,Rental,Private,,,"(<NA>, <NA>)"
212,1016,Woodledge/Granfield,Roslindale,02131,6,6,0,0.0,0.0,0.0,6,6,0.0,Rental,Private,,,"(<NA>, <NA>)"
213,1021,Wrentham St School,Mission Hill,02120,8,8,0,0.0,0.0,0.0,8,8,0.0,Rental,Private,,,"(<NA>, <NA>)"
214,1023,x & 50 Corbet (REMS Land),Dorchester,02124,2,1,1,0.0,0.0,0.0,2,1,1.0,Ownership/Rental,Private,,,"(<NA>, <NA>)"
215,1028,x Adams Street,Dorchester,02122,3,3,0,0.0,0.0,0.0,3,3,0.0,Rental,Private,,,"(35.1871377, -106.5944488)"
216,1030,x Algonquin St,Dorchester,02124,9,9,0,1.0,1.0,0.0,8,8,0.0,Rental,Private,,,"(<NA>, <NA>)"
217,1031,x Alpine Street,Roxbury,02119,3,3,0,0.0,0.0,0.0,3,3,0.0,Rental,Private,,,"(<NA>, <NA>)"
218,1032,x Alvah Kittredge Park,Roxbury,02119,4,2,2,3.0,1.0,2.0,1,1,0.0,Ownership/Rental,Private,,,"(<NA>, <NA>)"
219,1033,x American Legion Highway (AOP),Roslindale,02131,8,8,0,0.0,0.0,0.0,8,8,0.0,Rental,Private,,,"(<NA>, <NA>)"
220,1036,x and 120-122 Mt. Pleasant Avenue,Roxbury,02119,9,9,0,0.0,0.0,0.0,9,9,0.0,Rental,Private,,,"(<NA>, <NA>)"
221,1040,x Arlington St (AOP),Hyde Park,02136,4,4,0,0.0,0.0,0.0,4,4,0.0,Rental,Private,,,"(<NA>, <NA>)"
222,1041,x Ashland St,Dorchester,02122,6,6,0,0.0,0.0,0.0,6,6,0.0,Rental,Public,,,"(<NA>, <NA>)"
223,1042,x Astoria Street (Beharry VUP),Mattapan,02126,2,2,0,0.0,0.0,0.0,2,2,0.0,Rental,Private,,,"(<NA>, <NA>)"
224,1046,x Batchelder St,Dorchester,02125,2,1,1,0.0,0.0,0.0,2,1,1.0,Ownership/Rental,Public,,,"(<NA>, <NA>)"
225,1049,x Bellevue Street,Dorchester,02125,3,3,0,0.0,0.0,0.0,3,3,0.0,Rental,Private,,,"(<NA>, <NA>)"
226,1051,x Bennington St (AOP),East Boston,02128,2,2,0,0.0,0.0,0.0,2,2,0.0,Rental,Private,,,"(<NA>, <NA>)"
227,1052,x Bennington St. EBO 02128-COB,East Boston,02128,3,2,1,0.0,0.0,0.0,3,2,1.0,Ownership/Rental,Private,,,"(<NA>, <NA>)"
228,1053,x Birch Rd (RDP),West Roxbury,02122,2,1,1,0.0,0.0,0.0,2,1,1.0,Ownership/Rental,Private,,,"(<NA>, <NA>)"
229,1054,x Blackinton St (AOP),East Boston,02128,2,2,0,0.0,0.0,0.0,2,2,0.0,Rental,Private,,,"(<NA>, <NA>)"
230,1055,x Blue Hill Ave,Roxbury,02119,3,2,1,0.0,0.0,0.0,3,2,1.0,Ownership/Rental,Private,,,"(<NA>, <NA>)"
231,1056,x Blue Hill Ave (REMS buildings),Roxbury,02121,2,2,0,0.0,0.0,0.0,2,2,0.0,Rental,Private,,,"(<NA>, <NA>)"
232,1058,x Boardman St,East Boston,02128,6,6,0,0.0,0.0,0.0,6,6,0.0,Rental,Public,,,"(<NA>, <NA>)"
233,1060,x Bowdoin St,Dorchester,02124,3,3,0,0.0,0.0,0.0,3,3,0.0,Rental,Public,,,"(<NA>, <NA>)"
234,1066,x Breed St (AOP),East Boston,02128,2,2,0,0.0,0.0,0.0,2,2,0.0,Rental,Private,,,"(<NA>, <NA>)"
235,1068,x Bremen St (AOP),East Boston,02128,3,3,0,0.0,0.0,0.0,3,3,0.0,Rental,Private,,,"(<NA>, <NA>)"
236,1070,x Brooks St (AOP),East Boston,02128,3,3,0,0.0,0.0,0.0,3,3,0.0,Rental,Private,,,"(<NA>, <NA>)"
237,1077,x Cameron Street,Dorchester,02125,3,3,0,0.0,0.0,0.0,3,3,0.0,Rental,Private,,,"(42.310956, -71.063054)"
238,1078,x Carlford Rd,Jamaica Plain,02130,2,2,0,0.0,0.0,0.0,2,2,0.0,Rental,Public,,,"(<NA>, <NA>)"
239,1079,x Catawba St - Youthbuild,Roxbury,02119,3,2,1,1.0,1.0,0.0,2,1,1.0,Ownership/Rental,Private,,,"(<NA>, <NA>)"
240,1082,x Chamblet Street,Dorchester,02125,2,1,1,0.0,0.0,0.0,2,1,1.0,Ownership/Rental,Private,,,"(<NA>, <NA>)"
241,1083,x Chaucer St (AOP),East Boston,02128,3,3,0,0.0,0.0,0.0,3,3,0.0,Rental,Private,,,"(<NA>, <NA>)"
242,1086,x Chelsea St (AOP),East Boston,02128,3,3,0,0.0,0.0,0.0,3,3,0.0,Rental,Private,,,"(<NA>, <NA>)"
243,1087,x Chelsea Street E. Boston - COB,East Boston,02128,3,2,1,0.0,0.0,0.0,3,2,1.0,Ownership/Rental,Private,,,"(<NA>, <NA>)"
244,1088,x Chestnut Ave (1-4 Program),Jamaica Plain,02130,2,1,1,0.0,0.0,0.0,2,1,1.0,Ownership/Rental,Private,,,"(<NA>, <NA>)"
245,1091,x Clarkson St,Dorchester,02125,3,2,1,0.0,0.0,0.0,3,2,1.0,Ownership/Rental,Private,,,"(<NA>, <NA>)"
246,1092,x Clifton St,Dorchester,02125,2,2,0,0.0,0.0,0.0,2,2,0.0,Rental,Public,,,"(<NA>, <NA>)"
247,1093,x Clifton St (RDP),Roxbury,02119,2,1,1,0.0,0.0,0.0,2,1,1.0,Ownership/Rental,Private,,,"(<NA>, <NA>)"
248,1095,x Coleman St (1-4 Program),Dorchester,02125,2,1,1,0.0,0.0,0.0,2,1,1.0,Ownership/Rental,Private,,,"(<NA>, <NA>)"
249,1096,x Coleman St (REO),Dorchester,02125,3,2,1,1.0,0.0,1.0,2,2,0.0,Ownership/Rental,Private,,,"(<NA>, <NA>)"
250,1099,x Columbus Ave,Roxbury,02119,5,5,0,0.0,0.0,0.0,5,5,0.0,Rental,Private,,,"(<NA>, <NA>)"
251,1107,x Corman Road Mattapan - COB,Mattapan,02126,2,1,1,1.0,0.0,1.0,1,0,1.0,Ownership,Private,,,"(<NA>, <NA>)"
252,1111,x D St,South Boston,02127,8,8,0,0.0,0.0,0.0,8,8,0.0,Rental,Private,,,"(<NA>, <NA>)"
253,1113,x Dacia Street,Roxbury,02125,3,2,1,0.0,0.0,0.0,3,2,1.0,Ownership/Rental,Private,,,"(<NA>, <NA>)"
254,1115,x Devon Street,Dorchester,02121,3,3,0,0.0,0.0,0.0,3,3,0.0,Rental,Private,,,"(<NA>, <NA>)"
255,1121,x Dorchester St.,South Boston,02127,7,7,0,0.0,0.0,0.0,7,7,0.0,Rental,Private,,,"(<NA>, <NA>)"
256,1122,x Draper St (BuildHOME),Dorchester,02122,2,1,1,1.0,1.0,0.0,1,0,1.0,Ownership/Rental,Private,,,"(<NA>, <NA>)"
257,1123,x Dudley St (REO),Dorchester,02125,4,4,0,0.0,0.0,0.0,4,4,0.0,Rental,Private,,,"(<NA>, <NA>)"
258,1125,x Dunlap Street,Dorchester,02124,3,3,0,0.0,0.0,0.0,3,3,0.0,Rental,Private,,,"(<NA>, <NA>)"
259,1126,x Dunreath St (RDP),Roxbury,02119,3,2,1,0.0,0.0,0.0,3,2,1.0,Ownership/Rental,Private,,,"(<NA>, <NA>)"
260,1127,x E Eagle Street (AOP),East Boston,02128,3,3,0,0.0,0.0,0.0,3,3,0.0,Rental,Private,,,"(<NA>, <NA>)"
261,1136,x East Springfield St,South End,02118,5,5,0,0.0,0.0,0.0,5,5,0.0,Rental,Private,,Y,"(<NA>, <NA>)"
262,1138,x Elizabeth St,Mattapan,02126,6,6,0,0.0,0.0,0.0,6,6,0.0,Rental,Private,,,"(<NA>, <NA>)"
263,1139,x Ellington St,Dorchester,02121,6,6,0,0.0,0.0,0.0,6,6,0.0,Cooperative,Private,,,"(<NA>, <NA>)"
264,1140,x Elwyn Road (REO),Dorchester,02124,3,3,0,0.0,0.0,0.0,3,3,0.0,Rental,Private,,,"(<NA>, <NA>)"
265,1141,x Esmond Street,Dorchester,02121,2,1,1,1.0,1.0,0.0,1,0,1.0,Ownership/Rental,Private,,,"(<NA>, <NA>)"
266,1143,x Eutaw St (AOP),East Boston,02128,3,3,0,0.0,0.0,0.0,3,3,0.0,Rental,Private,,,"(<NA>, <NA>)"
267,1146,x Fairland St (Lee VUP),Roxbury,02119,3,2,1,1.0,0.0,1.0,2,2,0.0,Ownership/Rental,Private,,,"(<NA>, <NA>)"
268,1148,x Falcon St (AOP),East Boston,02128,2,2,0,0.0,0.0,0.0,2,2,0.0,Rental,Private,,,"(<NA>, <NA>)"
269,1151,x Fottler (REMS Land),Mattapan,02126,2,1,1,0.0,0.0,0.0,2,1,1.0,Ownership/Rental,Private,,,"(<NA>, <NA>)"
270,1153,x Gladstone St (AOP),East Boston,02128,3,3,0,0.0,0.0,0.0,3,3,0.0,Rental,Private,,,"(<NA>, <NA>)"
271,1154,x Glendon St (AOP),East Boston,02128,3,3,0,0.0,0.0,0.0,3,3,0.0,Rental,Private,,,"(<NA>, <NA>)"
272,1155,x Glenway St,Dorchester,02121,3,2,1,0.0,0.0,0.0,3,2,1.0,Ownership/Rental,Private,,,"(<NA>, <NA>)"
273,1156,x Glenway Street,Dorchester,02121,2,1,1,0.0,0.0,0.0,2,1,1.0,Ownership/Rental,Private,,,"(<NA>, <NA>)"
274,1157,x Glenway Street (1-4),Dorchester,02121,3,2,1,0.0,0.0,0.0,3,2,1.0,Ownership/Rental,Private,,,"(<NA>, <NA>)"
275,1160,x Greenbrier St (BuildHome),Dorchester,02124,2,1,1,1.0,1.0,0.0,1,0,1.0,Ownership/Rental,Private,,,"(<NA>, <NA>)"
276,1161,x Greenwich Park*,South End,02118,5,5,0,0.0,0.0,0.0,5,5,0.0,Rental,Private,,,"(<NA>, <NA>)"
277,1165,x Harold Street,Roxbury,02119,3,3,0,0.0,0.0,0.0,3,3,0.0,Rental,Private,,,"(<NA>, <NA>)"
278,1169,x Harvard Street,Dorchester,02124,3,3,0,0.0,0.0,0.0,3,3,0.0,Rental,Private,,,"(<NA>, <NA>)"
279,1171,x Hawthorne Street,Roxbury,02119,2,1,1,0.0,0.0,0.0,2,1,1.0,Ownership/Rental,Private,,,"(<NA>, <NA>)"
280,1174,x Hendry St (REO),Dorchester,02122,3,2,1,0.0,0.0,0.0,3,2,1.0,Ownership/Rental,Private,,,"(<NA>, <NA>)"
281,1178,x Holborn Terrace,Roxbury,02121,8,8,0,0.0,0.0,0.0,8,8,0.0,Rental,Private,,,"(<NA>, <NA>)"
282,1179,x Hollander Street,Roxbury,02121,2,1,1,0.0,0.0,0.0,2,1,1.0,Ownership/Rental,Private,,,"(<NA>, <NA>)"
283,1181,x Hosmer St (Lee VUP),Mattapan,02126,2,1,1,1.0,0.0,1.0,1,1,0.0,Ownership/Rental,Private,,,"(<NA>, <NA>)"
284,1183,x Howard Ave,Roxbury,02125,3,2,1,0.0,0.0,0.0,3,2,1.0,Ownership/Rental,Private,,,"(<NA>, <NA>)"
285,1184,x Huckins St,Roxbury,02119,4,4,0,0.0,0.0,0.0,4,4,0.0,Cooperative,Private,,,"(<NA>, <NA>)"
286,1186,x Humboldt Avenue,Roxbury,02121,3,3,0,0.0,0.0,0.0,3,3,0.0,Rental,Private,,,"(<NA>, <NA>)"
287,1188,x Humphreys Place (AOP),Dorchester,02125,6,6,0,0.0,0.0,0.0,6,6,0.0,Rental,Private,,,"(<NA>, <NA>)"
288,1192,x Hyde Park Avenue,Roslindale,02136,2,2,0,0.0,0.0,0.0,2,2,0.0,Rental,Private,,,"(<NA>, <NA>)"
289,1195,x Juniper Street,Roxbury,02119,4,3,1,1.0,1.0,0.0,3,2,1.0,Ownership/Rental,Private,,,"(<NA>, <NA>)"
290,1196,x Kingsdale St,Dorchester,02124,3,1,2,1.0,0.0,1.0,2,1,1.0,Ownership/Rental,Private,,,"(<NA>, <NA>)"
291,1198,x Landor Road,Mattapan,02126,3,3,0,0.0,0.0,0.0,3,3,0.0,Rental,Private,,,"(<NA>, <NA>)"
292,1200,x Lawrence Avenue,Dorchester,02121,3,2,1,0.0,0.0,0.0,3,2,1.0,Ownership/Rental,Private,,,"(42.311865, -71.076686)"
293,1202,x Leroy St (AOP),Dorchester,02122,3,3,0,0.0,0.0,0.0,3,3,0.0,Rental,Private,,,"(<NA>, <NA>)"
294,1203,x Levant St,Dorchester,02122,3,2,1,0.0,0.0,0.0,3,2,1.0,Ownership/Rental,Private,,,"(<NA>, <NA>)"
295,1204,x Lexington Ave (AOP),Hyde Park,02136,3,3,0,0.0,0.0,0.0,3,3,0.0,Rental,Private,,,"(<NA>, <NA>)"
296,1205,x Lexington St (1-4 Program),East Boston,02128,2,1,1,0.0,0.0,0.0,2,1,1.0,Ownership/Rental,Private,,,"(<NA>, <NA>)"
297,1207,x Leyden St (AOP),East Boston,02128,3,3,0,0.0,0.0,0.0,3,3,0.0,Rental,Private,,,"(<NA>, <NA>)"
298,1208,x Lorne Street,Dorchester,02124,3,3,0,0.0,0.0,0.0,3,3,0.0,Rental,Private,,,"(<NA>, <NA>)"
299,1209,x Magnolia St,Dorchester,02121,2,1,1,0.0,0.0,0.0,2,1,1.0,Ownership/Rental,Private,,,"(<NA>, <NA>)"
300,1210,x Magnolia St (RDP),Dorchester,02125,2,1,1,0.0,0.0,0.0,2,1,1.0,Ownership/Rental,Private,,,"(<NA>, <NA>)"
301,1211,x Mallon Road,Dorchester,02121,2,1,1,0.0,0.0,0.0,2,1,1.0,Ownership/Rental,Private,,,"(<NA>, <NA>)"
302,1215,x Marion St,East Boston,02128,2,1,1,0.0,0.0,0.0,2,1,1.0,Ownership/Rental,Private,,,"(<NA>, <NA>)"
303,1222,x Maverick St (AOP),East Boston,02128,3,3,0,0.0,0.0,0.0,3,3,0.0,Rental,Private,,,"(<NA>, <NA>)"
304,1223,x Maywood Street,Roxbury,02119,3,2,1,1.0,0.0,1.0,2,2,0.0,Ownership/Rental,Private,,,"(<NA>, <NA>)"
305,1226,x Metropolitan Ave,Hyde Park,02136,6,6,0,0.0,0.0,0.0,6,6,0.0,Rental,Private,,,"(<NA>, <NA>)"
306,1228,x Minden St,Jamaica Plain,02130,2,1,1,0.0,0.0,0.0,2,1,1.0,Ownership/Rental,Private,,,"(<NA>, <NA>)"
307,1229,x Minden Street,Jamaica Plain,02130,2,2,0,0.0,0.0,0.0,2,2,0.0,Rental,Private,,,"(<NA>, <NA>)"
308,1231,x Monsignor Way,Dorchester,02124,6,6,0,0.0,0.0,0.0,6,6,0.0,Rental,Private,,,"(<NA>, <NA>)"
309,1232,x Morris Street (AOP),East Boston,02128,3,3,0,0.0,0.0,0.0,3,3,0.0,Rental,Private,,,"(<NA>, <NA>)"
310,1233,x Morse Street,Dorchester,02121,6,6,0,0.0,0.0,0.0,6,6,0.0,Rental,Private,,,"(<NA>, <NA>)"
311,1234,x Mount Everett NHI,Dorchester,02125,2,1,1,0.0,0.0,0.0,2,1,1.0,Ownership/Rental,Private,,,"(<NA>, <NA>)"
312,1237,x Mt. Pleasant Avenue,Roxbury,02119,8,8,0,0.0,0.0,0.0,8,8,0.0,Rental,Private,,,"(<NA>, <NA>)"
313,1238,x Murray Ave,Roxbury,02119,2,1,1,0.0,0.0,0.0,2,1,1.0,Ownership/Rental,Private,,,"(<NA>, <NA>)"
314,1239,x Murray Ave (1-4),Roxbury,02119,2,1,1,0.0,0.0,0.0,2,1,1.0,Ownership/Rental,Private,,,"(<NA>, <NA>)"
315,1244,x Nelson Street,Dorchester,02124,2,1,1,0.0,0.0,0.0,2,1,1.0,Ownership/Rental,Private,,,"(<NA>, <NA>)"
316,1247,x Nightingale Street,Dorchester,02124,3,2,1,0.0,0.0,0.0,3,2,1.0,Ownership/Rental,Private,,,"(8.4971239, 124.638764)"
317,1248,x Norfolk Street (RDP),Dorchester,02124,2,1,1,0.0,0.0,0.0,2,1,1.0,Ownership/Rental,Private,,,"(<NA>, <NA>)"
318,1249,x North Ave/YouthBuild,Roxbury,02119,1,1,0,0.0,0.0,0.0,1,1,0.0,Rental,Private,,,"(<NA>, <NA>)"
319,1250,x Northampton Apts,Roxbury,02118,9,9,0,0.0,0.0,0.0,9,9,0.0,Rental,Private,,,"(<NA>, <NA>)"
320,1258,x Page St (James VUP),Dorchester,02121,2,2,0,0.0,0.0,0.0,2,2,0.0,Rental,Private,,,"(<NA>, <NA>)"
321,1260,x Park St,Dorchester,02122,2,1,1,0.0,0.0,0.0,2,1,1.0,Ownership/Rental,Private,,,"(<NA>, <NA>)"
322,1264,x Peacevale Rd,Dorchester,02124,2,1,1,0.0,0.0,0.0,2,1,1.0,Ownership/Rental,Private,,,"(<NA>, <NA>)"
323,1269,x Prescott Street,East Boston,02128,2,1,1,0.0,0.0,0.0,2,1,1.0,Ownership/Rental,Private,,,"(<NA>, <NA>)"
324,1271,x Princeton St (AOP),East Boston,02128,3,3,0,0.0,0.0,0.0,3,3,0.0,Rental,Private,,,"(<NA>, <NA>)"
325,1274,x Putnam St (AOP),East Boston,02128,3,3,0,0.0,0.0,0.0,3,3,0.0,Rental,Private,,,"(<NA>, <NA>)"
326,1275,x Quincy St (REO),Roxbury,02125,3,2,1,0.0,0.0,0.0,3,2,1.0,Ownership/Rental,Private,,,"(<NA>, <NA>)"
327,1276,x Quincy Street,Dorchester,02122,3,2,1,1.0,0.0,1.0,2,2,0.0,Ownership/Rental,Private,,,"(<NA>, <NA>)"
328,1278,x Ridgewood St. (REO),Dorchester,02122,3,3,0,0.0,0.0,0.0,3,3,0.0,Rental,Private,,,"(<NA>, <NA>)"
329,1279,x Rill St (BuildHome),Dorchester,02125,2,1,1,1.0,1.0,0.0,1,0,1.0,Ownership/Rental,Private,,,"(<NA>, <NA>)"
330,1282,x River Street,Mattapan,02126,3,2,1,0.0,0.0,0.0,3,2,1.0,Ownership/Rental,Private,,,"(33.7269302, 73.1805096)"
331,1290,x Saratoga St,East Boston,02128,3,2,1,0.0,0.0,0.0,3,2,1.0,Ownership/Rental,Private,,,"(42.3866393, -71.0067949)"
332,1291,x Saratoga St (AOP),East Boston,02128,3,3,0,0.0,0.0,0.0,3,3,0.0,Rental,Private,,,"(<NA>, <NA>)"
333,1293,x Savin Street,Roxbury,02119,2,1,1,0.0,0.0,0.0,2,1,1.0,Ownership/Rental,Private,,,"(42.316271, -71.080319)"
334,1294,x Schuyler St (BuildHome),Roxbury,02121,2,1,1,0.0,0.0,0.0,2,1,1.0,Ownership/Rental,Private,,,"(<NA>, <NA>)"
335,1295,x Seaver Street,Dorchester,02121,2,1,1,0.0,0.0,0.0,2,1,1.0,Ownership/Rental,Private,,,"(<NA>, <NA>)"
336,1297,x Selden St (BuildHome),Dorchester,02124,2,1,1,1.0,1.0,0.0,1,0,1.0,Ownership/Rental,Private,,,"(<NA>, <NA>)"
337,1300,x Southern Ave (Johnson VUP),Dorchester,02124,1,1,0,0.0,0.0,0.0,1,1,0.0,Rental,Private,,,"(<NA>, <NA>)"
338,1301,x Spencer St (RDP),Dorchester,02124,3,2,1,0.0,0.0,0.0,3,2,1.0,Ownership/Rental,Private,,,"(<NA>, <NA>)"
339,1302,x Spencer Street,Dorchester,02124,3,2,1,1.0,0.0,1.0,2,2,0.0,Ownership/Rental,Private,,,"(51.5035481, -0.3914409)"
340,1305,x St Andrew Rd (AOP),East Boston,02128,3,3,0,0.0,0.0,0.0,3,3,0.0,Rental,Private,,,"(<NA>, <NA>)"
341,1306,x St. Andrew Rd (AOP),East Boston,02128,3,3,0,0.0,0.0,0.0,3,3,0.0,Rental,Private,,,"(<NA>, <NA>)"
342,1310,x Stoughton Neighborhood Homes,Dorchester,02125,2,1,1,0.0,0.0,0.0,2,1,1.0,Ownership/Rental,Private,,,"(<NA>, <NA>)"
343,1311,x Stratton Street,Dorchester,02124,3,2,1,0.0,0.0,0.0,3,2,1.0,Ownership/Rental,Private,,,"(<NA>, <NA>)"
344,1320,x Talbot Ave (REO),Dorchester,02124,4,3,1,0.0,0.0,0.0,4,3,1.0,Ownership/Rental,Private,,,"(<NA>, <NA>)"
345,1321,x Talbot Avenue,Dorchester,02124,7,7,0,0.0,0.0,0.0,7,7,0.0,Rental,Private,,,"(<NA>, <NA>)"
346,1323,x Toledo Terrace,Dorchester,02122,3,2,1,0.0,0.0,0.0,3,2,1.0,Ownership/Rental,Private,,,"(<NA>, <NA>)"
347,1324,x Tonawanda St (Johnson VUP),Dorchester,02124,1,1,0,0.0,0.0,0.0,1,1,0.0,Rental,Private,,,"(<NA>, <NA>)"
348,1325,x Topliff St (REO),Dorchester,02122,3,2,1,1.0,0.0,1.0,2,2,0.0,Ownership/Rental,Private,,,"(<NA>, <NA>)"
349,1326,x Tremlett Street,Dorchester,02124,2,1,1,1.0,1.0,0.0,1,0,1.0,Ownership/Rental,Private,,,"(<NA>, <NA>)"
350,1327,x Tremont,South End,02118,4,4,0,3.0,3.0,0.0,1,1,0.0,Rental,Private,,,"(<NA>, <NA>)"
351,1328,x Tremont St,South End,02118,7,7,0,0.0,0.0,0.0,7,7,0.0,Rental,Private,,,"(42.342792, -71.0738416)"
352,1337,x W Park St (AOP),Dorchester,02124,3,3,0,0.0,0.0,0.0,3,3,0.0,Rental,Private,,,"(<NA>, <NA>)"
353,1339,x W Second St,South Boston,02127,2,1,1,0.0,0.0,0.0,2,1,1.0,Ownership/Rental,Private,,,"(<NA>, <NA>)"
354,1340,x Walk Hill St (Johnson VUP),Mattapan,02126,3,2,1,1.0,0.0,1.0,2,2,0.0,Ownership/Rental,Private,,,"(<NA>, <NA>)"
355,1344,x Warren Street (1-4),Roxbury,02119,3,2,1,0.0,0.0,0.0,3,2,1.0,Ownership/Rental,Private,,,"(<NA>, <NA>)"
356,1345,x Warren Supportive Housing Phase 1 - Acquisition,Roxbury,02121,10,10,0,0.0,0.0,0.0,10,10,0.0,Rental,Private,,,"(<NA>, <NA>)"
357,1352,x Washington St Lodging,Dorchester,02124,10,10,0,0.0,0.0,0.0,10,10,0.0,Rental,Private,,,"(<NA>, <NA>)"
358,1355,x Waverly Street,Roxbury,02119,8,8,0,0.0,0.0,0.0,8,8,0.0,Rental,Private,,,"(<NA>, <NA>)"
359,1356,x Wayland St. Dorchester - COB,Roxbury,02125,3,2,1,0.0,0.0,0.0,3,2,1.0,Ownership/Rental,Private,,,"(<NA>, <NA>)"
360,1357,"x Wellesley Park, #1",Dorchester,02124,2,1,1,1.0,0.0,1.0,1,1,0.0,Ownership/Rental,Private,,,"(<NA>, <NA>)"
361,1358,x Wenhan St (RDP),Jamaica Plain,02130,2,1,1,0.0,0.0,0.0,2,1,1.0,Ownership/Rental,Private,,,"(<NA>, <NA>)"
362,1359,x Wentworth St (BuildHome),Dorchester,02124,2,1,1,1.0,1.0,0.0,1,0,1.0,Ownership/Rental,Private,,,"(<NA>, <NA>)"
363,1368,x Westminster (AOP),Hyde Park,02136,6,6,0,0.0,0.0,0.0,6,6,0.0,Rental,Private,,,"(<NA>, <NA>)"
364,1369,x Westmore Rd (BuildHome),Mattapan,02126,2,1,1,1.0,1.0,0.0,1,0,1.0,Ownership/Rental,Private,,,"(<NA>, <NA>)"
365,1370,x Wheatland Avenue,Dorchester,02124,2,1,1,0.0,0.0,0.0,2,1,1.0,Ownership/Rental,Private,,,"(<NA>, <NA>)"
366,1371,x Wildwood Street,Dorchester,02124,3,3,0,0.0,0.0,0.0,3,3,0.0,Rental,Private,,,"(<NA>, <NA>)"
367,1373,x Winston Rd,Dorchester,02126,6,6,0,0.0,0.0,0.0,6,6,0.0,Rental,Private,,,"(<NA>, <NA>)"
368,1375,x Woodbine Street,Roxbury,02119,2,1,1,0.0,0.0,0.0,2,1,1.0,Ownership/Rental,Private,,,"(42.319004, -71.079687)"
369,1376,x Woodrow Ave (James VUP),Dorchester,02124,2,1,1,1.0,0.0,1.0,1,1,0.0,Ownership/Rental,Private,,,"(<NA>, <NA>)"
370,1377,x Woodville,Roxbury,02119,2,1,1,0.0,0.0,0.0,2,1,1.0,Ownership/Rental,Private,,,"(<NA>, <NA>)"
371,1379,x Wordsworth St (AOP),East Boston,02128,3,3,0,0.0,0.0,0.0,3,3,0.0,Rental,Private,,,"(<NA>, <NA>)"
372,1380,x x Harrishof St,Roxbury,02121,3,2,1,0.0,0.0,0.0,3,2,1.0,Ownership/Rental,Private,,,"(<NA>, <NA>)"
373,1381,x Zeigler Street,Roxbury,02119,8,8,0,0.0,0.0,0.0,8,8,0.0,Rental,Private,,,"(<NA>, <NA>)"
374,1384,xx Blue Hill Ave,Roxbury,02119,2,2,0,0.0,0.0,0.0,2,2,0.0,Rental,Private,,,"(<NA>, <NA>)"
375,1385,xx Bowdoin St,Dorchester,02124,2,2,0,0.0,0.0,0.0,2,2,0.0,Rental,Public,,,"(<NA>, <NA>)"
376,1386,xx Chaucer St (AOP),East Boston,02128,2,2,0,0.0,0.0,0.0,2,2,0.0,Rental,Private,,,"(<NA>, <NA>)"
377,1387,xx Chelsea St (AOP),East Boston,02128,3,3,0,0.0,0.0,0.0,3,3,0.0,Rental,Private,,,"(<NA>, <NA>)"
378,1390,xx Dorchester Ave,Dorchester,02124,6,6,0,0.0,0.0,0.0,6,6,0.0,Rental,Private,,,"(<NA>, <NA>)"
379,1393,xx Everett St,East Boston,02128,3,2,1,0.0,0.0,0.0,3,2,1.0,Ownership/Rental,Private,,,"(45.5179938, -123.1198115)"
380,1394,xx Gladstone St (AOP),East Boston,02128,3,3,0,0.0,0.0,0.0,3,3,0.0,Rental,Private,,,"(<NA>, <NA>)"
381,1396,xx Huckins St,Roxbury,02119,4,4,0,0.0,0.0,0.0,4,4,0.0,Cooperative,Private,,,"(<NA>, <NA>)"
382,1398,xx Lexington St (1-4 Program),East Boston,02128,2,1,1,0.0,0.0,0.0,2,1,1.0,Ownership/Rental,Private,,,"(<NA>, <NA>)"
383,1399,xx Magnolia St,Dorchester,02125,2,1,1,0.0,0.0,0.0,2,1,1.0,Ownership/Rental,Private,,,"(<NA>, <NA>)"
384,1400,xx Marion St,East Boston,02128,2,1,1,0.0,0.0,0.0,2,1,1.0,Ownership/Rental,Private,,,"(42.4710971, -121.3780988)"
385,1403,xx Maywood Street,Roxbury,02119,2,1,1,0.0,0.0,0.0,2,1,1.0,Ownership/Rental,Private,,,"(<NA>, <NA>)"
386,1404,xx Nelson Street,Dorchester,02124,3,3,0,0.0,0.0,0.0,3,3,0.0,Rental,Private,,,"(<NA>, <NA>)"
387,1406,xx River Street,Hyde Park,02136,3,2,1,1.0,0.0,1.0,2,2,0.0,Ownership/Rental,Private,,,"(45.2757335, -117.2113806)"
388,1407,xx Saratoga St (AOP),East Boston,02128,3,3,0,0.0,0.0,0.0,3,3,0.0,Rental,Private,,,"(<NA>, <NA>)"
389,1412,xx Wentworth St (BuildHome),Dorchester,02124,2,1,1,1.0,1.0,0.0,1,0,1.0,Ownership/Rental,Private,,,"(<NA>, <NA>)"
390,1416,xxx Blue Hill Ave,Roxbury,02119,3,2,1,0.0,0.0,0.0,3,1,2.0,Ownership/Rental,Private,,,"(<NA>, <NA>)"
391,1417,xxx Blue Hill Avenue,Dorchester,02121,3,3,0,0.0,0.0,0.0,3,3,0.0,Rental,Private,,,"(<NA>, <NA>)"
392,1419,xxx Clarkson St (REO),Dorchester,02125,2,1,1,0.0,0.0,0.0,2,1,1.0,Ownership/Rental,Private,,,"(<NA>, <NA>)"
393,1421,xxx Marion St,East Boston,02128,2,1,1,0.0,0.0,0.0,2,1,1.0,Ownership/Rental,Private,,,"(<NA>, <NA>)"
394,1429,xxxx Clarkson St (REO),Dorchester,02125,3,2,1,0.0,0.0,0.0,3,2,1.0,Ownership/Rental,Private,,,"(<NA>, <NA>)"
395,1430,xxxx Saratoga Street,East Boston,02128,6,6,0,0.0,0.0,0.0,6,6,0.0,Rental,Private,,Y,"(<NA>, <NA>)"
396,1431,xxxx Washington St,Jamaica Plain,02130,3,2,1,0.0,0.0,0.0,3,2,1.0,Ownership/Rental,Private,,,"(<NA>, <NA>)"
397,1433,xxxxx Blue Hill Ave,Dorchester,02121,4,4,0,0.0,0.0,0.0,4,4,0.0,Rental,Public,,,"(<NA>, <NA>)"
398,1434,xxxxx Clarkson St (REO),Dorchester,02125,3,2,1,1.0,0.0,1.0,2,2,0.0,Ownership/Rental,Private,,,"(<NA>, <NA>)"
399,1437,xxxxxx Washington St,Dorchester,02124,2,2,0,0.0,0.0,0.0,2,2,0.0,Rental,Private,,,"(<NA>, <NA>)"
400,1439,xxxxxxx Blue Hill Ave,Roxbury,02119,10,10,0,0.0,0.0,0.0,10,10,0.0,Rental,Public,,,"(<NA>, <NA>)"
401,1440,xxxxxxxx Blue Hill Ave,Roxbury,02119,4,4,0,0.0,0.0,0.0,4,4,0.0,Rental,Private,,,"(<NA>, <NA>)"
402,1444,Zebra Condominium,South End,02118,10,7,3,7.0,7.0,0.0,3,0,3.0,Ownership/Rental,Private,,,"(<NA>, <NA>)"
